subtaskID,ID,label
1,1,glass
1,2,trash
1,3,trash
1,4,metal
1,5,trash
1,6,metal
1,7,trash
1,8,trash
1,9,glass
1,10,plastic
1,11,glass
1,12,cardboard
1,13,trash
1,14,metal
1,15,trash
1,16,glass
1,17,cardboard
1,18,trash
1,19,glass
1,20,paper
1,21,metal
1,22,metal
1,23,paper
1,24,metal
1,25,glass
1,26,trash
1,27,glass
1,28,cardboard
1,29,glass
1,30,plastic
1,31,trash
1,32,trash
1,33,paper
1,34,paper
1,35,plastic
1,36,plastic
1,37,plastic
1,38,cardboard
1,39,plastic
1,40,plastic
1,41,metal
1,42,trash
1,43,plastic
1,44,plastic
1,45,paper
1,46,plastic
1,47,cardboard
1,48,metal
1,49,trash
1,50,plastic
1,51,trash
1,52,paper
1,53,trash
1,54,cardboard
1,55,paper
1,56,cardboard
1,57,glass
1,58,glass
1,59,glass
1,60,metal
1,61,plastic
1,62,glass
1,63,glass
1,64,trash
1,65,paper
1,66,metal
1,67,glass
1,68,cardboard
1,69,glass
1,70,plastic
1,71,paper
1,72,trash
1,73,cardboard
1,74,plastic
1,75,paper
1,76,paper
1,77,glass
1,78,trash
1,79,paper
1,80,trash
1,81,cardboard
1,82,paper
1,83,cardboard
1,84,glass
1,85,metal
1,86,cardboard
1,87,metal
1,88,plastic
1,89,plastic
1,90,cardboard
1,91,metal
1,92,cardboard
1,93,paper
1,94,plastic
1,95,plastic
1,96,paper
1,97,glass
1,98,paper
1,99,glass
1,100,paper
1,101,cardboard
1,102,metal
1,103,plastic
1,104,paper
1,105,glass
1,106,trash
1,107,paper
1,108,trash
1,109,paper
1,110,trash
1,111,trash
1,112,plastic
1,113,cardboard
1,114,trash
1,115,plastic
1,116,cardboard
1,117,plastic
1,118,cardboard
1,119,cardboard
1,120,glass
1,121,glass
1,122,plastic
1,123,plastic
1,124,cardboard
1,125,metal
1,126,cardboard
1,127,trash
1,128,plastic
1,129,cardboard
1,130,cardboard
1,131,paper
1,132,cardboard
1,133,trash
1,134,paper
1,135,trash
1,136,trash
1,137,glass
1,138,plastic
1,139,paper
1,140,cardboard
1,141,plastic
1,142,glass
1,143,plastic
1,144,trash
1,145,plastic
1,146,glass
1,147,glass
1,148,cardboard
1,149,cardboard
1,150,trash
1,151,cardboard
1,152,paper
1,153,cardboard
1,154,glass
1,155,paper
1,156,trash
1,157,trash
1,158,metal
1,159,glass
1,160,plastic
1,161,plastic
1,162,paper
1,163,glass
1,164,glass
1,165,plastic
1,166,metal
1,167,glass
1,168,metal
1,169,plastic
1,170,cardboard
1,171,paper
1,172,paper
1,173,plastic
1,174,metal
1,175,trash
1,176,trash
1,177,trash
1,178,metal
1,179,trash
1,180,metal
1,181,cardboard
1,182,trash
1,183,plastic
1,184,paper
1,185,glass
1,186,trash
1,187,plastic
1,188,glass
1,189,metal
1,190,paper
1,191,paper
1,192,metal
1,193,trash
1,194,plastic
1,195,plastic
1,196,trash
1,197,trash
1,198,paper
1,199,plastic
1,200,plastic
1,201,trash
1,202,trash
1,203,trash
1,204,glass
1,205,plastic
1,206,trash
1,207,cardboard
1,208,glass
1,209,paper
1,210,trash
1,211,cardboard
1,212,trash
1,213,paper
1,214,metal
1,215,metal
1,216,paper
1,217,metal
1,218,glass
1,219,cardboard
1,220,paper
1,221,paper
1,222,trash
1,223,plastic
1,224,metal
1,225,metal
1,226,paper
1,227,plastic
1,228,cardboard
1,229,trash
1,230,plastic
1,231,trash
1,232,cardboard
1,233,trash
1,234,paper
1,235,trash
1,236,cardboard
1,237,paper
1,238,glass
1,239,paper
1,240,trash
1,241,glass
1,242,cardboard
1,243,metal
1,244,trash
1,245,cardboard
1,246,cardboard
1,247,trash
1,248,plastic
1,249,paper
1,250,cardboard
1,251,metal
1,252,plastic
1,253,paper
1,254,paper
1,255,metal
1,256,cardboard
1,257,paper
1,258,metal
1,259,paper
1,260,plastic
1,261,metal
1,262,plastic
1,263,cardboard
1,264,paper
1,265,trash
1,266,glass
1,267,trash
1,268,paper
1,269,metal
1,270,cardboard
1,271,trash
1,272,trash
1,273,metal
1,274,trash
1,275,glass
1,276,glass
1,277,cardboard
1,278,plastic
1,279,paper
1,280,paper
1,281,cardboard
1,282,trash
1,283,glass
1,284,glass
1,285,metal
1,286,plastic
1,287,plastic
1,288,trash
1,289,plastic
1,290,glass
1,291,paper
1,292,trash
1,293,cardboard
1,294,metal
1,295,plastic
1,296,trash
1,297,trash
1,298,metal
1,299,paper
1,300,glass
1,301,cardboard
1,302,trash
1,303,plastic
1,304,cardboard
1,305,metal
1,306,glass
1,307,metal
1,308,plastic
1,309,paper
1,310,glass
1,311,paper
1,312,cardboard
1,313,glass
1,314,plastic
1,315,plastic
1,316,plastic
1,317,cardboard
1,318,glass
1,319,metal
1,320,paper
1,321,cardboard
1,322,trash
1,323,cardboard
1,324,metal
1,325,cardboard
1,326,trash
1,327,trash
1,328,plastic
1,329,cardboard
1,330,glass
1,331,trash
1,332,cardboard
1,333,metal
1,334,trash
1,335,glass
1,336,trash
1,337,glass
1,338,paper
1,339,cardboard
1,340,paper
1,341,metal
1,342,trash
1,343,metal
1,344,plastic
1,345,cardboard
1,346,metal
1,347,metal
1,348,metal
1,349,plastic
1,350,trash
1,351,glass
1,352,paper
1,353,plastic
1,354,glass
1,355,plastic
1,356,metal
1,357,trash
1,358,glass
1,359,metal
1,360,cardboard
1,361,glass
1,362,paper
1,363,paper
1,364,plastic
1,365,trash
1,366,metal
1,367,glass
1,368,trash
1,369,paper
1,370,glass
1,371,paper
1,372,paper
1,373,paper
1,374,plastic
1,375,cardboard
1,376,glass
1,377,paper
1,378,plastic
1,379,paper
1,380,paper
1,381,glass
1,382,trash
1,383,glass
1,384,cardboard
1,385,plastic
1,386,trash
1,387,trash
1,388,plastic
1,389,glass
1,390,plastic
1,391,glass
1,392,metal
1,393,cardboard
1,394,cardboard
1,395,cardboard
1,396,metal
1,397,paper
1,398,trash
1,399,trash
1,400,glass
1,401,glass
1,402,cardboard
1,403,glass
1,404,plastic
1,405,metal
1,406,metal
1,407,metal
1,408,cardboard
1,409,plastic
1,410,glass
1,411,paper
1,412,glass
1,413,paper
1,414,cardboard
1,415,cardboard
1,416,metal
1,417,cardboard
1,418,cardboard
1,419,metal
1,420,metal
1,421,paper
1,422,paper
1,423,paper
1,424,glass
1,425,paper
1,426,plastic
1,427,plastic
1,428,cardboard
1,429,paper
1,430,metal
1,431,glass
1,432,metal
1,433,trash
1,434,trash
1,435,cardboard
1,436,cardboard
1,437,trash
1,438,cardboard
1,439,metal
1,440,paper
1,441,glass
1,442,paper
1,443,glass
1,444,cardboard
1,445,metal
1,446,glass
1,447,cardboard
1,448,trash
1,449,paper
1,450,metal
1,451,plastic
1,452,metal
1,453,trash
1,454,cardboard
1,455,cardboard
1,456,cardboard
1,457,trash
1,458,glass
1,459,paper
1,460,trash
1,461,paper
1,462,glass
1,463,paper
1,464,metal
1,465,glass
1,466,paper
1,467,cardboard
1,468,metal
1,469,trash
1,470,glass
1,471,glass
1,472,glass
1,473,glass
1,474,paper
1,475,cardboard
1,476,glass
1,477,plastic
1,478,trash
1,479,trash
1,480,glass
1,481,plastic
1,482,paper
1,483,trash
1,484,plastic
1,485,paper
1,486,paper
1,487,metal
1,488,trash
1,489,trash
1,490,metal
1,491,paper
1,492,cardboard
1,493,metal
1,494,trash
1,495,paper
1,496,cardboard
1,497,plastic
1,498,trash
1,499,plastic
1,500,plastic
1,501,plastic
1,502,metal
1,503,glass
1,504,cardboard
1,505,trash
1,506,cardboard
1,507,glass
1,508,trash
1,509,paper
1,510,cardboard
1,511,cardboard
1,512,metal
1,513,paper
1,514,trash
1,515,cardboard
1,516,glass
1,517,metal
1,518,trash
1,519,trash
1,520,glass
1,521,metal
1,522,cardboard
1,523,trash
1,524,cardboard
1,525,cardboard
1,526,paper
1,527,glass
1,528,paper
1,529,plastic
1,530,glass
1,531,trash
1,532,cardboard
1,533,glass
1,534,glass
1,535,glass
1,536,cardboard
1,537,metal
1,538,metal
1,539,trash
1,540,glass
1,541,plastic
1,542,paper
1,543,metal
1,544,trash
1,545,glass
1,546,glass
1,547,trash
1,548,plastic
1,549,cardboard
1,550,paper
1,551,trash
1,552,trash
1,553,glass
1,554,glass
1,555,cardboard
1,556,metal
1,557,trash
1,558,cardboard
1,559,trash
1,560,glass
1,561,trash
1,562,trash
1,563,plastic
1,564,metal
1,565,paper
1,566,trash
1,567,plastic
1,568,glass
1,569,trash
1,570,glass
1,571,paper
1,572,plastic
1,573,glass
1,574,glass
1,575,glass
1,576,paper
1,577,cardboard
1,578,glass
1,579,paper
1,580,cardboard
1,581,metal
1,582,paper
1,583,glass
1,584,cardboard
1,585,plastic
1,586,trash
1,587,cardboard
1,588,glass
1,589,plastic
1,590,cardboard
1,591,trash
1,592,trash
1,593,cardboard
1,594,trash
1,595,metal
1,596,trash
1,597,plastic
1,598,metal
1,599,plastic
1,600,glass
1,601,cardboard
1,602,plastic
1,603,metal
1,604,metal
1,605,plastic
1,606,cardboard
1,607,metal
1,608,cardboard
1,609,glass
1,610,paper
1,611,cardboard
1,612,cardboard
1,613,trash
1,614,plastic
1,615,paper
1,616,cardboard
1,617,trash
1,618,glass
1,619,trash
1,620,glass
1,621,trash
1,622,glass
1,623,plastic
1,624,trash
1,625,paper
1,626,trash
1,627,trash
1,628,plastic
1,629,trash
1,630,metal
1,631,plastic
1,632,cardboard
1,633,cardboard
1,634,paper
1,635,plastic
1,636,glass
1,637,plastic
1,638,trash
1,639,trash
1,640,trash
1,641,glass
1,642,cardboard
1,643,trash
1,644,paper
1,645,trash
1,646,glass
1,647,trash
1,648,glass
1,649,trash
1,650,cardboard
1,651,trash
1,652,cardboard
1,653,plastic
1,654,paper
1,655,metal
1,656,trash
1,657,trash
1,658,glass
1,659,plastic
1,660,plastic
1,661,metal
1,662,trash
1,663,paper
1,664,glass
1,665,trash
1,666,plastic
1,667,glass
1,668,cardboard
1,669,glass
1,670,cardboard
1,671,trash
1,672,paper
1,673,cardboard
1,674,glass
1,675,glass
1,676,trash
1,677,plastic
1,678,metal
1,679,plastic
1,680,cardboard
1,681,paper
1,682,metal
1,683,glass
1,684,paper
1,685,glass
1,686,glass
1,687,plastic
1,688,glass
1,689,glass
1,690,plastic
1,691,plastic
1,692,paper
1,693,plastic
1,694,cardboard
1,695,metal
1,696,paper
1,697,glass
1,698,paper
1,699,plastic
1,700,cardboard
1,701,paper
1,702,cardboard
1,703,cardboard
1,704,glass
1,705,paper
1,706,paper
1,707,glass
1,708,paper
1,709,trash
1,710,paper
1,711,metal
1,712,glass
1,713,glass
1,714,plastic
1,715,paper
1,716,paper
1,717,glass
1,718,paper
1,719,plastic
1,720,trash
1,721,paper
1,722,paper
1,723,plastic
1,724,cardboard
1,725,paper
1,726,paper
1,727,paper
1,728,plastic
1,729,glass
1,730,plastic
1,731,glass
1,732,cardboard
1,733,paper
1,734,metal
1,735,trash
1,736,trash
1,737,paper
1,738,cardboard
1,739,metal
1,740,cardboard
1,741,glass
1,742,glass
1,743,metal
1,744,plastic
1,745,cardboard
1,746,cardboard
1,747,plastic
1,748,glass
1,749,metal
1,750,plastic
1,751,trash
1,752,paper
1,753,metal
1,754,paper
1,755,metal
1,756,plastic
1,757,glass
1,758,trash
1,759,plastic
1,760,glass
1,761,plastic
1,762,trash
1,763,glass
1,764,glass
1,765,trash
1,766,cardboard
1,767,cardboard
1,768,cardboard
1,769,paper
1,770,plastic
1,771,metal
1,772,plastic
1,773,paper
1,774,trash
1,775,glass
1,776,glass
1,777,trash
1,778,trash
1,779,plastic
1,780,cardboard
1,781,trash
1,782,cardboard
1,783,trash
1,784,glass
1,785,glass
1,786,paper
1,787,paper
1,788,metal
1,789,metal
1,790,metal
1,791,glass
1,792,plastic
1,793,metal
1,794,glass
1,795,trash
1,796,paper
1,797,paper
1,798,glass
1,799,metal
1,800,cardboard
1,801,trash
1,802,glass
1,803,trash
1,804,paper
1,805,trash
1,806,plastic
1,807,glass
1,808,cardboard
1,809,cardboard
1,810,trash
1,811,trash
1,812,paper
1,813,paper
1,814,plastic
1,815,metal
1,816,plastic
1,817,glass
1,818,paper
1,819,glass
1,820,cardboard
1,821,cardboard
1,822,trash
1,823,metal
1,824,paper
1,825,trash
1,826,paper
1,827,trash
1,828,metal
1,829,paper
1,830,glass
1,831,plastic
1,832,glass
1,833,paper
1,834,glass
1,835,paper
1,836,paper
1,837,glass
1,838,cardboard
1,839,paper
1,840,plastic
1,841,trash
1,842,plastic
1,843,cardboard
1,844,trash
1,845,paper
1,846,plastic
1,847,trash
1,848,metal
1,849,trash
1,850,plastic
1,851,cardboard
1,852,trash
1,853,glass
1,854,metal
1,855,trash
1,856,glass
1,857,trash
1,858,trash
1,859,cardboard
1,860,paper
1,861,paper
1,862,plastic
1,863,paper
1,864,glass
1,865,metal
1,866,metal
1,867,glass
1,868,paper
1,869,paper
1,870,trash
1,871,cardboard
1,872,glass
1,873,paper
1,874,trash
1,875,cardboard
1,876,plastic
1,877,glass
1,878,trash
1,879,plastic
1,880,trash
1,881,paper
1,882,glass
1,883,metal
1,884,plastic
1,885,glass
1,886,paper
1,887,trash
1,888,glass
1,889,plastic
1,890,metal
1,891,cardboard
1,892,paper
1,893,glass
1,894,cardboard
1,895,cardboard
1,896,glass
1,897,metal
1,898,trash
1,899,plastic
1,900,trash
1,901,metal
1,902,metal
1,903,cardboard
1,904,cardboard
1,905,plastic
1,906,cardboard
1,907,glass
1,908,glass
1,909,cardboard
1,910,cardboard
1,911,plastic
1,912,plastic
1,913,cardboard
1,914,glass
1,915,paper
1,916,trash
1,917,cardboard
1,918,cardboard
1,919,trash
1,920,cardboard
1,921,paper
1,922,plastic
1,923,trash
1,924,cardboard
1,925,trash
1,926,plastic
1,927,plastic
1,928,plastic
1,929,metal
1,930,glass
1,931,trash
1,932,metal
1,933,glass
1,934,plastic
1,935,trash
1,936,cardboard
1,937,cardboard
1,938,paper
1,939,plastic
1,940,glass
1,941,cardboard
1,942,paper
1,943,cardboard
1,944,trash
1,945,metal
1,946,cardboard
1,947,paper
1,948,plastic
1,949,glass
1,950,paper
1,951,glass
1,952,plastic
1,953,plastic
1,954,cardboard
1,955,glass
1,956,glass
1,957,glass
1,958,plastic
1,959,metal
1,960,paper
1,961,plastic
1,962,plastic
1,963,cardboard
1,964,cardboard
1,965,metal
1,966,paper
1,967,glass
1,968,plastic
1,969,paper
1,970,cardboard
1,971,cardboard
1,972,metal
1,973,paper
1,974,paper
1,975,cardboard
1,976,trash
1,977,trash
1,978,glass
1,979,plastic
1,980,trash
1,981,glass
1,982,plastic
1,983,cardboard
1,984,metal
1,985,trash
1,986,plastic
1,987,glass
1,988,glass
1,989,cardboard
1,990,glass
1,991,plastic
1,992,cardboard
1,993,paper
1,994,plastic
1,995,trash
1,996,plastic
1,997,glass
1,998,cardboard
1,999,plastic
1,1000,glass
1,1001,glass
1,1002,paper
1,1003,glass
1,1004,metal
1,1005,metal
1,1006,paper
1,1007,glass
1,1008,cardboard
1,1009,glass
1,1010,plastic
1,1011,metal
1,1012,metal
1,1013,trash
1,1014,metal
1,1015,cardboard
1,1016,cardboard
1,1017,metal
1,1018,trash
1,1019,glass
1,1020,metal
1,1021,paper
1,1022,glass
1,1023,paper
1,1024,glass
1,1025,glass
1,1026,cardboard
1,1027,cardboard
1,1028,glass
1,1029,glass
1,1030,cardboard
1,1031,cardboard
1,1032,glass
1,1033,cardboard
1,1034,glass
1,1035,paper
1,1036,trash
1,1037,trash
1,1038,glass
1,1039,paper
1,1040,plastic
1,1041,metal
1,1042,metal
1,1043,metal
1,1044,trash
1,1045,cardboard
1,1046,cardboard
1,1047,cardboard
1,1048,metal
1,1049,paper
1,1050,trash
1,1051,trash
1,1052,trash
1,1053,plastic
1,1054,metal
1,1055,plastic
1,1056,cardboard
1,1057,plastic
1,1058,glass
1,1059,glass
1,1060,glass
1,1061,cardboard
1,1062,metal
1,1063,cardboard
1,1064,cardboard
1,1065,plastic
1,1066,cardboard
1,1067,glass
1,1068,glass
1,1069,cardboard
1,1070,glass
1,1071,paper
1,1072,cardboard
1,1073,metal
1,1074,glass
1,1075,trash
1,1076,cardboard
1,1077,trash
1,1078,paper
1,1079,glass
1,1080,cardboard
1,1081,trash
1,1082,paper
1,1083,cardboard
1,1084,trash
1,1085,paper
1,1086,metal
1,1087,glass
1,1088,metal
1,1089,paper
1,1090,glass
1,1091,cardboard
1,1092,glass
1,1093,plastic
1,1094,glass
1,1095,glass
1,1096,glass
1,1097,cardboard
1,1098,glass
1,1099,metal
1,1100,plastic
1,1101,metal
1,1102,glass
1,1103,metal
1,1104,trash
1,1105,trash
1,1106,paper
1,1107,glass
1,1108,plastic
1,1109,glass
1,1110,metal
1,1111,metal
1,1112,trash
1,1113,glass
1,1114,metal
1,1115,trash
1,1116,trash
1,1117,cardboard
1,1118,paper
1,1119,cardboard
1,1120,metal
1,1121,metal
1,1122,paper
1,1123,paper
1,1124,trash
1,1125,plastic
1,1126,glass
1,1127,cardboard
1,1128,glass
1,1129,trash
1,1130,paper
1,1131,glass
1,1132,cardboard
1,1133,paper
1,1134,paper
1,1135,plastic
1,1136,plastic
1,1137,glass
1,1138,plastic
1,1139,metal
1,1140,metal
1,1141,plastic
1,1142,cardboard
1,1143,glass
1,1144,metal
1,1145,cardboard
1,1146,plastic
1,1147,paper
1,1148,glass
1,1149,paper
1,1150,glass
1,1151,paper
1,1152,paper
1,1153,metal
1,1154,cardboard
1,1155,glass
1,1156,metal
1,1157,glass
1,1158,paper
1,1159,metal
1,1160,trash
1,1161,metal
1,1162,plastic
1,1163,plastic
1,1164,paper
1,1165,trash
1,1166,paper
1,1167,cardboard
1,1168,glass
1,1169,paper
1,1170,glass
1,1171,paper
1,1172,plastic
1,1173,cardboard
1,1174,plastic
1,1175,glass
1,1176,trash
1,1177,paper
1,1178,paper
1,1179,metal
1,1180,trash
1,1181,plastic
1,1182,glass
1,1183,glass
1,1184,trash
1,1185,glass
1,1186,paper
1,1187,glass
1,1188,paper
1,1189,paper
1,1190,cardboard
1,1191,glass
1,1192,paper
1,1193,trash
1,1194,plastic
1,1195,plastic
1,1196,trash
1,1197,paper
1,1198,paper
1,1199,glass
1,1200,glass
1,1201,glass
1,1202,paper
1,1203,metal
1,1204,trash
1,1205,trash
1,1206,cardboard
1,1207,paper
1,1208,paper
1,1209,cardboard
1,1210,trash
1,1211,plastic
1,1212,glass
1,1213,plastic
1,1214,paper
1,1215,cardboard
1,1216,metal
1,1217,plastic
1,1218,plastic
1,1219,metal
1,1220,glass
1,1221,plastic
1,1222,plastic
1,1223,plastic
1,1224,paper
1,1225,trash
1,1226,glass
1,1227,metal
1,1228,plastic
1,1229,glass
1,1230,trash
1,1231,paper
1,1232,glass
1,1233,cardboard
1,1234,paper
1,1235,trash
1,1236,plastic
1,1237,cardboard
1,1238,plastic
1,1239,cardboard
1,1240,trash
1,1241,paper
1,1242,glass
1,1243,plastic
1,1244,trash
1,1245,paper
1,1246,paper
1,1247,cardboard
1,1248,cardboard
1,1249,glass
1,1250,metal
1,1251,glass
1,1252,paper
1,1253,metal
1,1254,metal
1,1255,paper
1,1256,metal
1,1257,plastic
1,1258,glass
1,1259,paper
1,1260,trash
1,1261,trash
1,1262,glass
1,1263,trash
1,1264,plastic
1,1265,paper
1,1266,glass
1,1267,plastic
1,1268,metal
1,1269,trash
1,1270,paper
1,1271,metal
1,1272,paper
1,1273,glass
1,1274,trash
1,1275,cardboard
1,1276,cardboard
1,1277,plastic
1,1278,metal
1,1279,plastic
1,1280,paper
1,1281,trash
1,1282,metal
1,1283,paper
1,1284,cardboard
1,1285,glass
1,1286,glass
1,1287,metal
1,1288,cardboard
1,1289,trash
1,1290,plastic
1,1291,paper
1,1292,plastic
1,1293,trash
1,1294,cardboard
1,1295,paper
1,1296,plastic
1,1297,plastic
1,1298,trash
1,1299,cardboard
1,1300,cardboard
1,1301,glass
1,1302,glass
1,1303,glass
1,1304,paper
1,1305,cardboard
1,1306,plastic
1,1307,metal
1,1308,trash
1,1309,trash
1,1310,cardboard
1,1311,cardboard
1,1312,glass
1,1313,trash
1,1314,cardboard
1,1315,plastic
1,1316,metal
1,1317,trash
1,1318,glass
1,1319,metal
1,1320,paper
1,1321,trash
1,1322,metal
1,1323,trash
1,1324,trash
1,1325,trash
1,1326,cardboard
1,1327,glass
1,1328,glass
1,1329,metal
1,1330,plastic
1,1331,cardboard
1,1332,metal
1,1333,trash
1,1334,paper
1,1335,paper
1,1336,metal
1,1337,glass
1,1338,glass
1,1339,trash
1,1340,paper
1,1341,glass
1,1342,cardboard
1,1343,metal
1,1344,plastic
1,1345,plastic
1,1346,glass
1,1347,metal
1,1348,trash
1,1349,cardboard
1,1350,paper
1,1351,plastic
1,1352,plastic
1,1353,metal
1,1354,metal
1,1355,glass
1,1356,glass
1,1357,cardboard
1,1358,metal
1,1359,metal
1,1360,paper
1,1361,paper
1,1362,glass
1,1363,metal
1,1364,cardboard
1,1365,plastic
1,1366,trash
1,1367,metal
1,1368,glass
1,1369,paper
1,1370,plastic
1,1371,paper
1,1372,trash
1,1373,trash
1,1374,trash
1,1375,paper
1,1376,plastic
1,1377,plastic
1,1378,glass
1,1379,metal
1,1380,plastic
1,1381,glass
1,1382,paper
1,1383,glass
1,1384,trash
1,1385,cardboard
1,1386,trash
1,1387,paper
1,1388,plastic
1,1389,paper
1,1390,plastic
1,1391,plastic
1,1392,trash
1,1393,paper
1,1394,paper
1,1395,metal
1,1396,paper
1,1397,glass
1,1398,cardboard
1,1399,metal
1,1400,trash
1,1401,metal
1,1402,paper
1,1403,glass
1,1404,trash
1,1405,glass
1,1406,paper
1,1407,trash
1,1408,paper
1,1409,trash
1,1410,plastic
1,1411,trash
1,1412,metal
1,1413,trash
1,1414,paper
1,1415,metal
1,1416,cardboard
1,1417,trash
1,1418,metal
1,1419,glass
1,1420,metal
1,1421,paper
1,1422,trash
1,1423,metal
1,1424,metal
1,1425,metal
1,1426,trash
1,1427,paper
1,1428,plastic
1,1429,glass
1,1430,paper
1,1431,trash
1,1432,cardboard
1,1433,trash
1,1434,cardboard
1,1435,plastic
1,1436,plastic
1,1437,glass
1,1438,plastic
1,1439,glass
1,1440,paper
1,1441,paper
1,1442,plastic
1,1443,plastic
1,1444,plastic
1,1445,cardboard
1,1446,paper
1,1447,glass
1,1448,metal
1,1449,glass
1,1450,metal
1,1451,trash
1,1452,trash
1,1453,paper
1,1454,trash
1,1455,trash
1,1456,trash
1,1457,metal
1,1458,trash
1,1459,trash
1,1460,cardboard
1,1461,paper
1,1462,plastic
1,1463,cardboard
1,1464,glass
1,1465,glass
1,1466,plastic
1,1467,glass
1,1468,glass
1,1469,trash
1,1470,cardboard
1,1471,cardboard
1,1472,cardboard
1,1473,glass
1,1474,paper
1,1475,paper
1,1476,metal
1,1477,trash
1,1478,cardboard
1,1479,metal
1,1480,trash
1,1481,plastic
1,1482,paper
1,1483,glass
1,1484,cardboard
1,1485,glass
1,1486,metal
1,1487,glass
1,1488,plastic
1,1489,cardboard
1,1490,paper
1,1491,paper
1,1492,trash
1,1493,cardboard
1,1494,metal
1,1495,glass
1,1496,metal
1,1497,trash
1,1498,glass
1,1499,glass
1,1500,plastic
1,1501,trash
1,1502,glass
1,1503,cardboard
1,1504,metal
1,1505,trash
1,1506,cardboard
1,1507,glass
1,1508,cardboard
1,1509,trash
1,1510,glass
1,1511,paper
1,1512,metal
1,1513,metal
1,1514,metal
1,1515,glass
1,1516,cardboard
1,1517,plastic
1,1518,plastic
1,1519,trash
1,1520,metal
1,1521,glass
1,1522,paper
1,1523,plastic
1,1524,glass
1,1525,glass
1,1526,metal
1,1527,trash
1,1528,paper
1,1529,glass
1,1530,trash
1,1531,metal
1,1532,glass
1,1533,metal
1,1534,cardboard
1,1535,paper
1,1536,glass
1,1537,cardboard
1,1538,plastic
1,1539,paper
1,1540,metal
1,1541,trash
1,1542,metal
1,1543,cardboard
1,1544,cardboard
1,1545,metal
1,1546,trash
1,1547,plastic
1,1548,plastic
1,1549,trash
1,1550,cardboard
1,1551,trash
1,1552,glass
1,1553,plastic
1,1554,paper
1,1555,plastic
1,1556,trash
1,1557,cardboard
1,1558,trash
1,1559,trash
1,1560,cardboard
1,1561,cardboard
1,1562,cardboard
1,1563,trash
1,1564,trash
1,1565,trash
1,1566,cardboard
1,1567,glass
1,1568,metal
1,1569,cardboard
1,1570,glass
1,1571,trash
1,1572,plastic
1,1573,plastic
1,1574,glass
1,1575,glass
1,1576,trash
1,1577,paper
1,1578,paper
1,1579,trash
1,1580,trash
1,1581,paper
1,1582,metal
1,1583,cardboard
1,1584,glass
1,1585,trash
1,1586,cardboard
1,1587,plastic
1,1588,trash
1,1589,paper
1,1590,glass
1,1591,trash
1,1592,glass
1,1593,paper
1,1594,trash
1,1595,metal
1,1596,paper
1,1597,metal
1,1598,glass
1,1599,paper
1,1600,plastic
1,1601,paper
1,1602,plastic
1,1603,trash
1,1604,glass
1,1605,trash
1,1606,plastic
1,1607,metal
1,1608,plastic
1,1609,plastic
1,1610,plastic
1,1611,plastic
1,1612,plastic
1,1613,metal
1,1614,paper
1,1615,glass
1,1616,glass
1,1617,plastic
1,1618,paper
1,1619,paper
1,1620,metal
1,1621,metal
1,1622,plastic
1,1623,plastic
1,1624,trash
1,1625,plastic
1,1626,trash
1,1627,glass
1,1628,trash
1,1629,paper
1,1630,cardboard
1,1631,metal
1,1632,plastic
1,1633,metal
1,1634,trash
1,1635,trash
1,1636,glass
1,1637,paper
1,1638,cardboard
1,1639,paper
1,1640,cardboard
1,1641,paper
1,1642,glass
1,1643,glass
1,1644,trash
1,1645,metal
1,1646,paper
1,1647,trash
1,1648,trash
1,1649,glass
1,1650,metal
1,1651,metal
1,1652,trash
1,1653,trash
1,1654,metal
1,1655,plastic
1,1656,paper
1,1657,paper
1,1658,plastic
1,1659,plastic
1,1660,cardboard
1,1661,paper
1,1662,cardboard
1,1663,glass
1,1664,paper
1,1665,trash
1,1666,glass
1,1667,glass
1,1668,paper
1,1669,glass
1,1670,cardboard
1,1671,trash
1,1672,cardboard
1,1673,cardboard
1,1674,paper
1,1675,glass
1,1676,glass
1,1677,paper
1,1678,trash
1,1679,metal
1,1680,paper
1,1681,paper
1,1682,metal
1,1683,paper
1,1684,plastic
1,1685,paper
1,1686,cardboard
1,1687,cardboard
1,1688,glass
1,1689,paper
1,1690,trash
1,1691,paper
1,1692,paper
1,1693,paper
1,1694,plastic
1,1695,metal
1,1696,paper
1,1697,paper
1,1698,cardboard
1,1699,glass
1,1700,paper
1,1701,glass
1,1702,cardboard
1,1703,glass
1,1704,trash
1,1705,metal
1,1706,glass
1,1707,trash
1,1708,paper
1,1709,cardboard
1,1710,cardboard
1,1711,plastic
1,1712,plastic
1,1713,glass
1,1714,metal
1,1715,trash
1,1716,trash
1,1717,paper
1,1718,cardboard
1,1719,trash
1,1720,trash
1,1721,paper
1,1722,paper
1,1723,cardboard
1,1724,paper
1,1725,plastic
1,1726,metal
1,1727,cardboard
1,1728,glass
1,1729,glass
1,1730,paper
1,1731,metal
1,1732,cardboard
1,1733,cardboard
1,1734,plastic
1,1735,trash
1,1736,trash
1,1737,plastic
1,1738,metal
1,1739,plastic
1,1740,cardboard
1,1741,paper
1,1742,paper
1,1743,trash
1,1744,plastic
1,1745,glass
1,1746,trash
1,1747,plastic
1,1748,trash
1,1749,glass
1,1750,trash
1,1751,paper
1,1752,cardboard
1,1753,metal
1,1754,plastic
1,1755,glass
1,1756,glass
1,1757,glass
1,1758,glass
1,1759,glass
1,1760,trash
1,1761,trash
1,1762,paper
1,1763,glass
1,1764,plastic
1,1765,plastic
1,1766,metal
1,1767,paper
1,1768,plastic
1,1769,plastic
1,1770,paper
1,1771,plastic
1,1772,glass
1,1773,glass
1,1774,cardboard
1,1775,trash
1,1776,cardboard
1,1777,glass
1,1778,trash
1,1779,glass
1,1780,paper
1,1781,trash
1,1782,cardboard
1,1783,glass
1,1784,metal
1,1785,plastic
1,1786,cardboard
1,1787,metal
1,1788,trash
1,1789,cardboard
1,1790,paper
1,1791,glass
1,1792,trash
1,1793,trash
1,1794,plastic
1,1795,paper
1,1796,trash
1,1797,glass
1,1798,glass
1,1799,paper
1,1800,plastic
1,1801,cardboard
1,1802,trash
1,1803,trash
1,1804,paper
1,1805,glass
1,1806,trash
1,1807,glass
1,1808,trash
1,1809,glass
1,1810,paper
1,1811,paper
1,1812,metal
1,1813,trash
1,1814,plastic
1,1815,trash
1,1816,trash
1,1817,plastic
1,1818,metal
1,1819,glass
1,1820,cardboard
1,1821,trash
1,1822,metal
1,1823,glass
1,1824,plastic
1,1825,cardboard
1,1826,cardboard
1,1827,trash
1,1828,glass
1,1829,metal
1,1830,trash
1,1831,glass
1,1832,trash
1,1833,trash
1,1834,glass
1,1835,trash
1,1836,glass
1,1837,paper
1,1838,cardboard
1,1839,paper
1,1840,glass
1,1841,cardboard
1,1842,cardboard
1,1843,metal
1,1844,trash
1,1845,plastic
1,1846,cardboard
1,1847,paper
1,1848,plastic
1,1849,metal
1,1850,metal
1,1851,glass
1,1852,plastic
1,1853,glass
1,1854,glass
1,1855,cardboard
1,1856,metal
1,1857,plastic
1,1858,cardboard
1,1859,trash
1,1860,cardboard
1,1861,glass
1,1862,glass
1,1863,metal
1,1864,glass
1,1865,plastic
1,1866,plastic
1,1867,trash
1,1868,cardboard
1,1869,plastic
1,1870,plastic
1,1871,plastic
1,1872,plastic
1,1873,glass
1,1874,plastic
1,1875,trash
1,1876,plastic
1,1877,trash
1,1878,plastic
1,1879,metal
1,1880,cardboard
1,1881,metal
1,1882,cardboard
1,1883,paper
1,1884,glass
1,1885,cardboard
1,1886,paper
1,1887,plastic
1,1888,trash
1,1889,paper
1,1890,trash
1,1891,metal
1,1892,cardboard
1,1893,cardboard
1,1894,glass
1,1895,plastic
1,1896,paper
1,1897,paper
1,1898,metal
1,1899,glass
1,1900,paper
1,1901,trash
1,1902,glass
1,1903,paper
1,1904,trash
1,1905,paper
1,1906,trash
1,1907,paper
1,1908,plastic
1,1909,metal
1,1910,paper
1,1911,paper
1,1912,plastic
1,1913,plastic
1,1914,trash
1,1915,paper
1,1916,cardboard
1,1917,paper
1,1918,metal
1,1919,plastic
1,1920,glass
1,1921,cardboard
1,1922,glass
1,1923,trash
1,1924,cardboard
1,1925,glass
1,1926,trash
1,1927,metal
1,1928,plastic
1,1929,plastic
1,1930,trash
1,1931,metal
1,1932,plastic
1,1933,trash
1,1934,plastic
1,1935,glass
1,1936,paper
1,1937,glass
1,1938,glass
1,1939,paper
1,1940,metal
1,1941,plastic
1,1942,glass
1,1943,trash
1,1944,metal
1,1945,trash
1,1946,paper
1,1947,plastic
1,1948,metal
1,1949,plastic
1,1950,metal
1,1951,metal
1,1952,paper
1,1953,trash
1,1954,glass
1,1955,glass
1,1956,metal
1,1957,trash
1,1958,glass
1,1959,glass
1,1960,trash
1,1961,metal
1,1962,cardboard
1,1963,paper
1,1964,plastic
1,1965,cardboard
1,1966,cardboard
1,1967,plastic
1,1968,metal
1,1969,paper
1,1970,paper
1,1971,metal
1,1972,plastic
1,1973,trash
1,1974,trash
1,1975,glass
1,1976,trash
1,1977,glass
1,1978,metal
1,1979,paper
1,1980,metal
1,1981,trash
1,1982,paper
1,1983,metal
1,1984,glass
1,1985,paper
1,1986,trash
1,1987,glass
1,1988,plastic
1,1989,glass
1,1990,paper
1,1991,plastic
1,1992,glass
1,1993,paper
1,1994,plastic
1,1995,trash
1,1996,plastic
1,1997,trash
1,1998,plastic
1,1999,metal
1,2000,paper
1,2001,metal
1,2002,plastic
1,2003,trash
1,2004,metal
1,2005,trash
1,2006,glass
1,2007,paper
1,2008,metal
1,2009,trash
1,2010,trash
1,2011,trash
1,2012,trash
1,2013,glass
1,2014,cardboard
1,2015,glass
1,2016,cardboard
1,2017,metal
1,2018,plastic
1,2019,metal
1,2020,glass
1,2021,cardboard
1,2022,glass
1,2023,cardboard
1,2024,paper
1,2025,metal
1,2026,metal
1,2027,metal
1,2028,cardboard
1,2029,trash
1,2030,plastic
1,2031,trash
1,2032,metal
1,2033,trash
1,2034,metal
1,2035,metal
1,2036,paper
1,2037,metal
1,2038,trash
1,2039,glass
1,2040,trash
1,2041,paper
1,2042,plastic
1,2043,trash
1,2044,plastic
1,2045,plastic
1,2046,cardboard
1,2047,glass
1,2048,plastic
1,2049,cardboard
1,2050,metal
1,2051,glass
1,2052,metal
1,2053,cardboard
1,2054,paper
1,2055,glass
1,2056,trash
1,2057,plastic
1,2058,trash
1,2059,cardboard
1,2060,cardboard
1,2061,paper
1,2062,paper
1,2063,plastic
1,2064,trash
1,2065,paper
1,2066,plastic
1,2067,glass
1,2068,trash
1,2069,paper
1,2070,trash
1,2071,plastic
1,2072,metal
1,2073,metal
1,2074,cardboard
1,2075,metal
1,2076,metal
1,2077,cardboard
1,2078,plastic
1,2079,cardboard
1,2080,cardboard
1,2081,cardboard
1,2082,glass
1,2083,plastic
1,2084,plastic
1,2085,trash
1,2086,metal
1,2087,cardboard
1,2088,trash
1,2089,metal
1,2090,plastic
1,2091,paper
1,2092,trash
1,2093,plastic
1,2094,paper
1,2095,trash
1,2096,plastic
1,2097,plastic
1,2098,metal
1,2099,cardboard
1,2100,paper
1,2101,glass
1,2102,trash
1,2103,plastic
1,2104,trash
1,2105,plastic
1,2106,paper
1,2107,paper
1,2108,metal
1,2109,glass
1,2110,trash
1,2111,plastic
1,2112,glass
1,2113,cardboard
1,2114,cardboard
1,2115,cardboard
1,2116,paper
1,2117,glass
1,2118,glass
1,2119,trash
1,2120,cardboard
1,2121,cardboard
1,2122,cardboard
1,2123,glass
1,2124,metal
1,2125,metal
1,2126,trash
1,2127,trash
1,2128,trash
1,2129,cardboard
1,2130,plastic
1,2131,metal
1,2132,plastic
1,2133,paper
1,2134,plastic
1,2135,trash
1,2136,paper
1,2137,plastic
1,2138,trash
1,2139,trash
1,2140,glass
1,2141,metal
1,2142,metal
1,2143,trash
1,2144,metal
1,2145,glass
1,2146,glass
1,2147,metal
1,2148,glass
1,2149,cardboard
1,2150,paper
1,2151,glass
1,2152,plastic
1,2153,glass
1,2154,trash
1,2155,glass
1,2156,plastic
1,2157,trash
1,2158,cardboard
1,2159,glass
1,2160,plastic
1,2161,plastic
1,2162,paper
1,2163,glass
1,2164,trash
1,2165,plastic
1,2166,metal
1,2167,glass
1,2168,plastic
1,2169,trash
1,2170,plastic
1,2171,plastic
1,2172,metal
1,2173,plastic
1,2174,trash
1,2175,trash
1,2176,paper
1,2177,glass
1,2178,trash
1,2179,cardboard
1,2180,metal
1,2181,paper
1,2182,plastic
1,2183,cardboard
1,2184,glass
1,2185,glass
1,2186,glass
1,2187,cardboard
1,2188,cardboard
1,2189,paper
1,2190,paper
1,2191,glass
1,2192,paper
1,2193,paper
1,2194,glass
1,2195,glass
1,2196,paper
1,2197,paper
1,2198,paper
1,2199,glass
1,2200,trash
1,2201,paper
1,2202,cardboard
1,2203,trash
1,2204,metal
1,2205,metal
1,2206,cardboard
1,2207,glass
1,2208,paper
1,2209,glass
1,2210,glass
1,2211,glass
1,2212,glass
1,2213,paper
1,2214,cardboard
1,2215,paper
1,2216,metal
1,2217,plastic
1,2218,glass
1,2219,cardboard
1,2220,trash
1,2221,cardboard
1,2222,glass
1,2223,paper
1,2224,cardboard
1,2225,cardboard
1,2226,trash
1,2227,cardboard
1,2228,trash
1,2229,trash
1,2230,paper
1,2231,cardboard
1,2232,plastic
1,2233,metal
1,2234,plastic
1,2235,plastic
1,2236,trash
1,2237,metal
1,2238,plastic
1,2239,cardboard
1,2240,cardboard
1,2241,metal
1,2242,cardboard
1,2243,metal
1,2244,glass
1,2245,trash
1,2246,metal
1,2247,cardboard
1,2248,trash
1,2249,paper
1,2250,paper
1,2251,cardboard
1,2252,glass
1,2253,cardboard
1,2254,metal
1,2255,plastic
1,2256,cardboard
1,2257,cardboard
1,2258,cardboard
1,2259,plastic
1,2260,cardboard
1,2261,plastic
1,2262,metal
1,2263,plastic
1,2264,cardboard
1,2265,trash
1,2266,plastic
1,2267,paper
1,2268,metal
1,2269,cardboard
1,2270,paper
1,2271,trash
1,2272,cardboard
1,2273,paper
1,2274,metal
1,2275,trash
1,2276,metal
1,2277,glass
1,2278,plastic
1,2279,plastic
1,2280,paper
1,2281,glass
1,2282,trash
1,2283,metal
1,2284,cardboard
1,2285,plastic
1,2286,metal
1,2287,glass
1,2288,paper
1,2289,metal
1,2290,glass
1,2291,metal
1,2292,cardboard
1,2293,cardboard
1,2294,cardboard
1,2295,plastic
1,2296,plastic
1,2297,plastic
1,2298,trash
1,2299,glass
1,2300,cardboard
1,2301,metal
1,2302,plastic
1,2303,cardboard
1,2304,trash
1,2305,plastic
1,2306,cardboard
1,2307,cardboard
1,2308,glass
1,2309,metal
1,2310,plastic
1,2311,glass
1,2312,glass
1,2313,glass
1,2314,trash
1,2315,glass
1,2316,plastic
1,2317,metal
1,2318,metal
1,2319,trash
1,2320,trash
1,2321,metal
1,2322,trash
1,2323,plastic
1,2324,plastic
1,2325,plastic
1,2326,glass
1,2327,paper
1,2328,trash
1,2329,metal
1,2330,plastic
1,2331,plastic
1,2332,trash
1,2333,cardboard
1,2334,paper
1,2335,paper
1,2336,trash
1,2337,glass
1,2338,plastic
1,2339,plastic
1,2340,trash
1,2341,plastic
1,2342,paper
1,2343,cardboard
1,2344,paper
1,2345,plastic
1,2346,paper
1,2347,metal
1,2348,trash
1,2349,cardboard
1,2350,paper
1,2351,trash
1,2352,glass
1,2353,cardboard
1,2354,trash
1,2355,cardboard
1,2356,paper
1,2357,glass
1,2358,cardboard
1,2359,plastic
1,2360,paper
1,2361,plastic
1,2362,glass
1,2363,glass
1,2364,paper
1,2365,plastic
1,2366,plastic
1,2367,glass
1,2368,metal
1,2369,glass
1,2370,cardboard
1,2371,trash
1,2372,metal
1,2373,metal
1,2374,trash
1,2375,trash
1,2376,plastic
1,2377,plastic
1,2378,glass
1,2379,paper
1,2380,cardboard
1,2381,paper
1,2382,trash
1,2383,paper
1,2384,paper
1,2385,metal
1,2386,trash
1,2387,paper
1,2388,metal
1,2389,glass
1,2390,cardboard
1,2391,glass
1,2392,trash
1,2393,cardboard
1,2394,trash
1,2395,paper
1,2396,cardboard
1,2397,trash
1,2398,cardboard
1,2399,metal
1,2400,glass
1,2401,plastic
1,2402,paper
1,2403,plastic
1,2404,metal
1,2405,paper
1,2406,cardboard
1,2407,trash
1,2408,metal
1,2409,plastic
1,2410,glass
1,2411,glass
1,2412,metal
1,2413,plastic
1,2414,metal
1,2415,metal
1,2416,metal
1,2417,trash
1,2418,trash
1,2419,cardboard
1,2420,paper
1,2421,glass
1,2422,trash
1,2423,metal
1,2424,metal
1,2425,glass
1,2426,glass
1,2427,plastic
1,2428,glass
1,2429,trash
1,2430,trash
1,2431,plastic
1,2432,paper
1,2433,metal
1,2434,glass
1,2435,metal
1,2436,plastic
1,2437,glass
1,2438,plastic
1,2439,metal
1,2440,metal
1,2441,glass
1,2442,paper
1,2443,trash
1,2444,cardboard
1,2445,cardboard
1,2446,cardboard
1,2447,glass
1,2448,paper
1,2449,paper
1,2450,metal
1,2451,metal
1,2452,glass
1,2453,metal
1,2454,cardboard
1,2455,metal
1,2456,paper
1,2457,plastic
1,2458,glass
1,2459,plastic
1,2460,paper
1,2461,plastic
1,2462,cardboard
1,2463,cardboard
1,2464,plastic
1,2465,paper
1,2466,plastic
1,2467,paper
1,2468,metal
1,2469,glass
1,2470,cardboard
1,2471,cardboard
1,2472,plastic
1,2473,plastic
1,2474,glass
1,2475,glass
1,2476,paper
1,2477,trash
1,2478,trash
1,2479,cardboard
1,2480,cardboard
1,2481,metal
1,2482,glass
1,2483,trash
1,2484,trash
1,2485,glass
1,2486,plastic
1,2487,paper
1,2488,cardboard
1,2489,metal
1,2490,glass
1,2491,plastic
1,2492,metal
1,2493,glass
1,2494,paper
1,2495,metal
1,2496,paper
1,2497,metal
1,2498,metal
1,2499,metal
1,2500,paper
1,2501,glass
1,2502,trash
1,2503,cardboard
1,2504,cardboard
1,2505,cardboard
1,2506,plastic
1,2507,cardboard
1,2508,metal
1,2509,cardboard
1,2510,paper
1,2511,cardboard
1,2512,metal
1,2513,plastic
1,2514,metal
1,2515,plastic
1,2516,trash
1,2517,metal
1,2518,paper
1,2519,cardboard
1,2520,cardboard
1,2521,paper
1,2522,metal
1,2523,trash
1,2524,paper
1,2525,glass
1,2526,plastic
1,2527,cardboard
1,2528,paper
1,2529,cardboard
1,2530,plastic
1,2531,metal
1,2532,cardboard
1,2533,plastic
1,2534,plastic
1,2535,paper
1,2536,glass
1,2537,glass
1,2538,cardboard
1,2539,plastic
1,2540,metal
1,2541,trash
1,2542,metal
1,2543,paper
1,2544,trash
1,2545,trash
1,2546,metal
1,2547,glass
1,2548,paper
1,2549,metal
1,2550,cardboard
1,2551,glass
1,2552,plastic
1,2553,cardboard
1,2554,metal
1,2555,plastic
1,2556,trash
1,2557,plastic
1,2558,metal
1,2559,metal
1,2560,paper
1,2561,glass
1,2562,trash
1,2563,paper
1,2564,plastic
1,2565,cardboard
1,2566,cardboard
1,2567,metal
1,2568,metal
1,2569,paper
1,2570,paper
1,2571,metal
1,2572,metal
1,2573,glass
1,2574,cardboard
1,2575,glass
1,2576,paper
1,2577,cardboard
1,2578,trash
1,2579,plastic
1,2580,metal
1,2581,trash
1,2582,metal
1,2583,metal
1,2584,trash
1,2585,trash
1,2586,glass
1,2587,metal
1,2588,cardboard
1,2589,plastic
1,2590,paper
1,2591,glass
1,2592,trash
1,2593,glass
1,2594,cardboard
1,2595,plastic
1,2596,trash
1,2597,glass
1,2598,plastic
1,2599,glass
1,2600,cardboard
1,2601,glass
1,2602,cardboard
1,2603,trash
1,2604,plastic
1,2605,plastic
1,2606,plastic
1,2607,glass
1,2608,glass
1,2609,glass
1,2610,trash
1,2611,paper
1,2612,trash
1,2613,trash
1,2614,cardboard
1,2615,metal
1,2616,plastic
1,2617,cardboard
1,2618,metal
1,2619,plastic
1,2620,paper
1,2621,cardboard
1,2622,plastic
1,2623,plastic
1,2624,glass
1,2625,metal
1,2626,plastic
1,2627,plastic
1,2628,trash
1,2629,paper
1,2630,paper
1,2631,plastic
1,2632,glass
1,2633,plastic
1,2634,paper
1,2635,glass
1,2636,glass
1,2637,metal
1,2638,glass
1,2639,paper
1,2640,plastic
1,2641,trash
1,2642,plastic
1,2643,trash
1,2644,plastic
1,2645,metal
1,2646,paper
1,2647,metal
1,2648,glass
1,2649,plastic
1,2650,metal
1,2651,trash
1,2652,cardboard
1,2653,plastic
1,2654,cardboard
1,2655,metal
1,2656,metal
1,2657,trash
1,2658,plastic
1,2659,trash
1,2660,trash
1,2661,paper
1,2662,paper
1,2663,glass
1,2664,plastic
1,2665,glass
1,2666,paper
1,2667,trash
1,2668,cardboard
1,2669,plastic
1,2670,paper
1,2671,paper
1,2672,glass
1,2673,cardboard
1,2674,trash
1,2675,plastic
1,2676,trash
1,2677,glass
1,2678,trash
1,2679,glass
1,2680,glass
1,2681,trash
1,2682,trash
1,2683,metal
1,2684,cardboard
1,2685,plastic
1,2686,glass
1,2687,paper
1,2688,trash
1,2689,paper
1,2690,plastic
1,2691,metal
1,2692,glass
1,2693,trash
1,2694,trash
1,2695,cardboard
1,2696,plastic
1,2697,trash
1,2698,metal
1,2699,glass
1,2700,trash
1,2701,paper
1,2702,glass
1,2703,trash
1,2704,paper
1,2705,plastic
1,2706,trash
1,2707,paper
1,2708,paper
1,2709,plastic
1,2710,cardboard
1,2711,cardboard
1,2712,cardboard
1,2713,glass
1,2714,plastic
1,2715,metal
1,2716,cardboard
1,2717,cardboard
1,2718,trash
1,2719,cardboard
1,2720,metal
1,2721,glass
1,2722,metal
1,2723,plastic
1,2724,metal
1,2725,trash
1,2726,glass
1,2727,cardboard
1,2728,metal
1,2729,plastic
1,2730,metal
1,2731,trash
1,2732,plastic
1,2733,glass
1,2734,cardboard
1,2735,glass
1,2736,metal
1,2737,paper
1,2738,glass
1,2739,trash
1,2740,glass
1,2741,metal
1,2742,metal
1,2743,trash
1,2744,trash
1,2745,cardboard
1,2746,trash
1,2747,metal
1,2748,paper
1,2749,plastic
1,2750,trash
1,2751,cardboard
1,2752,cardboard
1,2753,cardboard
1,2754,plastic
1,2755,paper
1,2756,glass
1,2757,paper
1,2758,glass
1,2759,cardboard
1,2760,trash
1,2761,glass
1,2762,trash
1,2763,paper
1,2764,glass
1,2765,glass
1,2766,paper
1,2767,paper
1,2768,metal
1,2769,glass
1,2770,glass
1,2771,glass
1,2772,plastic
1,2773,glass
1,2774,trash
1,2775,trash
1,2776,trash
1,2777,glass
1,2778,plastic
1,2779,trash
1,2780,trash
1,2781,trash
1,2782,metal
1,2783,metal
1,2784,plastic
1,2785,paper
1,2786,metal
1,2787,cardboard
1,2788,cardboard
1,2789,plastic
1,2790,plastic
1,2791,cardboard
1,2792,glass
1,2793,cardboard
1,2794,cardboard
1,2795,trash
1,2796,paper
1,2797,cardboard
1,2798,glass
1,2799,cardboard
1,2800,paper
1,2801,metal
1,2802,plastic
1,2803,plastic
1,2804,plastic
1,2805,glass
1,2806,paper
1,2807,paper
1,2808,metal
1,2809,cardboard
1,2810,paper
1,2811,plastic
1,2812,glass
1,2813,plastic
1,2814,plastic
1,2815,cardboard
1,2816,paper
1,2817,glass
1,2818,trash
1,2819,plastic
1,2820,glass
1,2821,metal
1,2822,plastic
1,2823,trash
1,2824,trash
1,2825,glass
1,2826,trash
1,2827,trash
1,2828,glass
1,2829,plastic
1,2830,glass
1,2831,plastic
1,2832,trash
1,2833,glass
1,2834,cardboard
1,2835,paper
1,2836,glass
1,2837,plastic
1,2838,trash
1,2839,metal
1,2840,cardboard
1,2841,paper
1,2842,paper
1,2843,metal
1,2844,cardboard
1,2845,plastic
1,2846,cardboard
1,2847,metal
1,2848,glass
1,2849,metal
1,2850,plastic
1,2851,metal
1,2852,cardboard
1,2853,cardboard
1,2854,cardboard
1,2855,plastic
1,2856,cardboard
1,2857,plastic
1,2858,trash
1,2859,metal
1,2860,glass
1,2861,trash
1,2862,trash
1,2863,paper
1,2864,trash
1,2865,metal
1,2866,glass
1,2867,glass
1,2868,metal
1,2869,glass
1,2870,metal
1,2871,trash
1,2872,plastic
1,2873,glass
1,2874,glass
1,2875,paper
1,2876,plastic
1,2877,plastic
1,2878,glass
1,2879,paper
1,2880,plastic
1,2881,metal
1,2882,plastic
1,2883,cardboard
1,2884,paper
1,2885,metal
1,2886,metal
1,2887,trash
1,2888,metal
1,2889,paper
1,2890,paper
1,2891,plastic
1,2892,plastic
1,2893,plastic
1,2894,metal
1,2895,glass
1,2896,trash
1,2897,plastic
1,2898,metal
1,2899,cardboard
1,2900,plastic
1,2901,glass
1,2902,paper
1,2903,trash
1,2904,metal
1,2905,trash
1,2906,glass
1,2907,paper
1,2908,cardboard
1,2909,cardboard
1,2910,paper
1,2911,cardboard
1,2912,metal
1,2913,glass
1,2914,trash
1,2915,glass
1,2916,metal
1,2917,trash
1,2918,glass
1,2919,cardboard
1,2920,glass
1,2921,cardboard
1,2922,glass
1,2923,glass
1,2924,paper
1,2925,paper
1,2926,glass
1,2927,cardboard
1,2928,trash
1,2929,cardboard
1,2930,trash
1,2931,trash
1,2932,cardboard
1,2933,cardboard
1,2934,trash
1,2935,plastic
1,2936,metal
1,2937,paper
1,2938,plastic
1,2939,paper
1,2940,plastic
1,2941,plastic
1,2942,glass
1,2943,plastic
1,2944,glass
1,2945,trash
1,2946,glass
1,2947,metal
1,2948,cardboard
1,2949,cardboard
1,2950,trash
1,2951,trash
1,2952,glass
1,2953,plastic
1,2954,metal
1,2955,paper
1,2956,metal
1,2957,trash
1,2958,metal
1,2959,plastic
1,2960,paper
1,2961,paper
1,2962,metal
1,2963,plastic
1,2964,cardboard
1,2965,plastic
1,2966,plastic
1,2967,metal
1,2968,cardboard
1,2969,trash
1,2970,glass
1,2971,metal
1,2972,paper
1,2973,plastic
1,2974,metal
1,2975,metal
1,2976,trash
1,2977,glass
1,2978,cardboard
1,2979,metal
1,2980,paper
1,2981,glass
1,2982,glass
1,2983,cardboard
1,2984,cardboard
1,2985,glass
1,2986,paper
1,2987,glass
1,2988,paper
1,2989,cardboard
1,2990,glass
1,2991,paper
1,2992,trash
1,2993,plastic
1,2994,plastic
1,2995,paper
1,2996,metal
1,2997,glass
1,2998,trash
1,2999,plastic
1,3000,cardboard
1,3001,plastic
1,3002,trash
1,3003,plastic
1,3004,plastic
1,3005,trash
1,3006,metal
1,3007,plastic
1,3008,paper
1,3009,paper
1,3010,glass
1,3011,metal
1,3012,plastic
1,3013,paper
1,3014,trash
1,3015,paper
1,3016,plastic
1,3017,glass
1,3018,trash
1,3019,trash
1,3020,paper
1,3021,cardboard
1,3022,paper
1,3023,metal
1,3024,plastic
1,3025,plastic
1,3026,glass
1,3027,glass
1,3028,metal
1,3029,metal
1,3030,paper
1,3031,glass
1,3032,trash
1,3033,metal
1,3034,trash
1,3035,cardboard
1,3036,cardboard
1,3037,trash
1,3038,plastic
1,3039,glass
1,3040,trash
1,3041,trash
1,3042,glass
1,3043,paper
1,3044,metal
1,3045,glass
1,3046,cardboard
1,3047,metal
1,3048,glass
1,3049,paper
1,3050,trash
1,3051,cardboard
1,3052,trash
1,3053,cardboard
1,3054,paper
1,3055,trash
1,3056,glass
1,3057,paper
1,3058,plastic
1,3059,paper
1,3060,paper
1,3061,cardboard
1,3062,trash
1,3063,trash
1,3064,cardboard
1,3065,plastic
1,3066,cardboard
1,3067,glass
1,3068,trash
1,3069,paper
1,3070,metal
1,3071,glass
1,3072,glass
1,3073,plastic
1,3074,metal
1,3075,trash
1,3076,cardboard
1,3077,glass
1,3078,cardboard
1,3079,plastic
1,3080,trash
1,3081,cardboard
1,3082,paper
1,3083,metal
1,3084,cardboard
1,3085,metal
1,3086,plastic
1,3087,glass
1,3088,trash
1,3089,metal
1,3090,glass
1,3091,trash
1,3092,metal
1,3093,glass
1,3094,cardboard
1,3095,metal
1,3096,cardboard
1,3097,cardboard
1,3098,trash
1,3099,plastic
1,3100,trash
1,3101,trash
1,3102,trash
1,3103,trash
1,3104,metal
1,3105,cardboard
1,3106,paper
1,3107,paper
1,3108,trash
1,3109,paper
1,3110,glass
1,3111,plastic
1,3112,glass
1,3113,trash
1,3114,glass
1,3115,trash
1,3116,glass
1,3117,paper
1,3118,glass
1,3119,paper
1,3120,trash
1,3121,plastic
1,3122,trash
1,3123,glass
1,3124,paper
1,3125,plastic
1,3126,trash
1,3127,cardboard
1,3128,metal
1,3129,paper
1,3130,paper
1,3131,paper
1,3132,plastic
1,3133,plastic
1,3134,metal
1,3135,trash
1,3136,cardboard
1,3137,plastic
1,3138,paper
1,3139,trash
1,3140,cardboard
1,3141,plastic
1,3142,glass
1,3143,paper
1,3144,plastic
1,3145,plastic
1,3146,trash
1,3147,plastic
1,3148,glass
1,3149,plastic
1,3150,plastic
1,3151,cardboard
1,3152,paper
1,3153,paper
1,3154,plastic
1,3155,metal
1,3156,cardboard
1,3157,trash
1,3158,cardboard
1,3159,trash
1,3160,metal
1,3161,trash
1,3162,plastic
1,3163,trash
1,3164,paper
1,3165,metal
1,3166,cardboard
1,3167,cardboard
1,3168,glass
1,3169,glass
1,3170,glass
1,3171,trash
1,3172,glass
1,3173,metal
1,3174,plastic
1,3175,trash
1,3176,metal
1,3177,glass
1,3178,glass
1,3179,metal
1,3180,cardboard
1,3181,glass
1,3182,plastic
1,3183,plastic
1,3184,cardboard
1,3185,metal
1,3186,cardboard
1,3187,cardboard
1,3188,plastic
1,3189,plastic
1,3190,metal
1,3191,cardboard
1,3192,cardboard
1,3193,glass
1,3194,metal
1,3195,glass
1,3196,trash
1,3197,paper
1,3198,cardboard
1,3199,metal
1,3200,metal
1,3201,metal
1,3202,plastic
1,3203,metal
1,3204,metal
1,3205,paper
1,3206,cardboard
1,3207,cardboard
1,3208,metal
1,3209,plastic
1,3210,glass
1,3211,plastic
1,3212,cardboard
1,3213,cardboard
1,3214,glass
1,3215,cardboard
1,3216,trash
1,3217,glass
1,3218,paper
1,3219,trash
1,3220,glass
1,3221,plastic
1,3222,trash
1,3223,glass
1,3224,glass
1,3225,cardboard
1,3226,glass
1,3227,cardboard
1,3228,plastic
1,3229,plastic
1,3230,glass
1,3231,paper
1,3232,plastic
1,3233,glass
1,3234,paper
1,3235,cardboard
1,3236,plastic
1,3237,plastic
1,3238,metal
1,3239,paper
1,3240,plastic
1,3241,cardboard
1,3242,glass
1,3243,paper
1,3244,plastic
1,3245,glass
1,3246,metal
1,3247,metal
1,3248,trash
1,3249,metal
1,3250,plastic
1,3251,trash
1,3252,trash
1,3253,metal
1,3254,glass
1,3255,metal
1,3256,plastic
1,3257,glass
1,3258,plastic
1,3259,metal
1,3260,trash
1,3261,trash
1,3262,cardboard
1,3263,plastic
1,3264,paper
1,3265,cardboard
1,3266,cardboard
1,3267,paper
1,3268,plastic
1,3269,metal
1,3270,glass
1,3271,paper
1,3272,metal
1,3273,trash
1,3274,cardboard
1,3275,plastic
1,3276,trash
1,3277,metal
1,3278,trash
1,3279,metal
1,3280,metal
1,3281,trash
1,3282,paper
1,3283,cardboard
1,3284,cardboard
1,3285,trash
1,3286,plastic
1,3287,glass
1,3288,cardboard
1,3289,cardboard
1,3290,glass
1,3291,cardboard
1,3292,cardboard
1,3293,cardboard
1,3294,metal
1,3295,plastic
1,3296,plastic
1,3297,trash
1,3298,plastic
1,3299,cardboard
1,3300,glass
1,3301,plastic
1,3302,trash
1,3303,cardboard
1,3304,glass
1,3305,trash
1,3306,cardboard
1,3307,cardboard
1,3308,glass
1,3309,plastic
1,3310,glass
1,3311,plastic
1,3312,glass
1,3313,trash
1,3314,paper
1,3315,metal
1,3316,paper
1,3317,glass
1,3318,metal
1,3319,glass
1,3320,cardboard
1,3321,metal
1,3322,glass
1,3323,paper
1,3324,trash
1,3325,metal
1,3326,plastic
1,3327,metal
1,3328,paper
1,3329,glass
1,3330,cardboard
1,3331,trash
1,3332,paper
1,3333,trash
1,3334,paper
1,3335,metal
1,3336,trash
1,3337,paper
1,3338,cardboard
1,3339,cardboard
1,3340,glass
1,3341,cardboard
1,3342,metal
1,3343,glass
1,3344,paper
1,3345,plastic
1,3346,glass
1,3347,glass
1,3348,trash
1,3349,cardboard
1,3350,plastic
1,3351,cardboard
1,3352,cardboard
1,3353,plastic
1,3354,metal
1,3355,trash
1,3356,paper
1,3357,cardboard
1,3358,paper
1,3359,trash
1,3360,paper
1,3361,metal
1,3362,glass
1,3363,paper
1,3364,metal
1,3365,cardboard
1,3366,plastic
1,3367,paper
1,3368,trash
1,3369,glass
1,3370,metal
1,3371,trash
1,3372,plastic
1,3373,trash
1,3374,cardboard
1,3375,metal
1,3376,glass
1,3377,trash
1,3378,metal
1,3379,trash
1,3380,cardboard
1,3381,paper
1,3382,trash
1,3383,cardboard
1,3384,metal
1,3385,paper
1,3386,trash
1,3387,trash
1,3388,paper
1,3389,metal
1,3390,glass
1,3391,cardboard
1,3392,glass
1,3393,paper
1,3394,cardboard
1,3395,metal
1,3396,plastic
1,3397,plastic
1,3398,cardboard
1,3399,glass
1,3400,plastic
1,3401,cardboard
1,3402,metal
1,3403,plastic
1,3404,cardboard
1,3405,cardboard
1,3406,glass
1,3407,trash
1,3408,metal
1,3409,trash
1,3410,trash
1,3411,trash
1,3412,paper
1,3413,glass
1,3414,plastic
1,3415,cardboard
1,3416,cardboard
1,3417,glass
1,3418,glass
1,3419,metal
1,3420,paper
1,3421,plastic
1,3422,glass
1,3423,metal
1,3424,cardboard
1,3425,plastic
1,3426,plastic
1,3427,plastic
1,3428,trash
1,3429,glass
1,3430,plastic
1,3431,plastic
1,3432,trash
1,3433,cardboard
1,3434,trash
1,3435,metal
1,3436,glass
1,3437,cardboard
1,3438,trash
1,3439,paper
1,3440,paper
1,3441,cardboard
1,3442,cardboard
1,3443,paper
1,3444,cardboard
1,3445,paper
1,3446,plastic
1,3447,trash
1,3448,cardboard
1,3449,paper
1,3450,trash
1,3451,glass
1,3452,paper
1,3453,metal
1,3454,paper
1,3455,trash
1,3456,metal
1,3457,cardboard
1,3458,paper
1,3459,metal
1,3460,glass
1,3461,plastic
1,3462,metal
1,3463,trash
1,3464,paper
1,3465,paper
1,3466,trash
1,3467,plastic
1,3468,trash
1,3469,plastic
1,3470,paper
1,3471,paper
1,3472,paper
1,3473,plastic
1,3474,metal
1,3475,paper
1,3476,glass
1,3477,paper
1,3478,glass
1,3479,trash
1,3480,trash
1,3481,cardboard
1,3482,cardboard
1,3483,metal
1,3484,paper
1,3485,metal
1,3486,glass
1,3487,plastic
1,3488,trash
1,3489,metal
1,3490,metal
1,3491,cardboard
1,3492,plastic
1,3493,trash
1,3494,plastic
1,3495,metal
1,3496,cardboard
1,3497,plastic
1,3498,cardboard
1,3499,cardboard
1,3500,cardboard
1,3501,plastic
1,3502,cardboard
1,3503,glass
1,3504,metal
1,3505,cardboard
1,3506,cardboard
1,3507,glass
1,3508,trash
1,3509,plastic
1,3510,glass
1,3511,paper
1,3512,cardboard
1,3513,metal
1,3514,trash
1,3515,cardboard
1,3516,glass
1,3517,metal
1,3518,trash
1,3519,cardboard
1,3520,paper
1,3521,metal
1,3522,cardboard
1,3523,metal
1,3524,trash
1,3525,metal
1,3526,plastic
1,3527,cardboard
1,3528,glass
1,3529,paper
1,3530,glass
1,3531,plastic
1,3532,cardboard
1,3533,glass
1,3534,metal
1,3535,glass
1,3536,plastic
1,3537,paper
1,3538,plastic
1,3539,trash
1,3540,trash
1,3541,plastic
1,3542,cardboard
1,3543,plastic
1,3544,plastic
1,3545,metal
1,3546,glass
1,3547,cardboard
1,3548,paper
1,3549,trash
1,3550,paper
1,3551,trash
1,3552,trash
1,3553,metal
1,3554,paper
1,3555,glass
1,3556,plastic
1,3557,plastic
1,3558,trash
1,3559,plastic
1,3560,trash
1,3561,trash
1,3562,cardboard
1,3563,glass
1,3564,plastic
1,3565,metal
1,3566,paper
1,3567,paper
1,3568,paper
1,3569,glass
1,3570,cardboard
1,3571,glass
1,3572,cardboard
1,3573,trash
1,3574,trash
1,3575,metal
1,3576,metal
1,3577,plastic
1,3578,metal
1,3579,glass
1,3580,metal
1,3581,trash
1,3582,plastic
1,3583,glass
1,3584,paper
1,3585,paper
1,3586,metal
1,3587,trash
1,3588,plastic
1,3589,plastic
1,3590,cardboard
1,3591,paper
1,3592,metal
1,3593,metal
1,3594,metal
1,3595,cardboard
1,3596,plastic
1,3597,paper
1,3598,plastic
1,3599,plastic
1,3600,glass
1,3601,paper
1,3602,trash
1,3603,cardboard
1,3604,trash
1,3605,metal
1,3606,cardboard
1,3607,glass
1,3608,cardboard
1,3609,cardboard
1,3610,trash
1,3611,glass
1,3612,glass
1,3613,glass
1,3614,plastic
1,3615,glass
1,3616,glass
1,3617,metal
1,3618,trash
1,3619,trash
1,3620,cardboard
1,3621,glass
1,3622,glass
1,3623,plastic
1,3624,cardboard
1,3625,metal
1,3626,paper
1,3627,metal
1,3628,glass
1,3629,metal
1,3630,plastic
1,3631,trash
1,3632,paper
1,3633,trash
1,3634,paper
1,3635,paper
1,3636,trash
1,3637,paper
1,3638,paper
1,3639,cardboard
1,3640,metal
1,3641,metal
1,3642,plastic
1,3643,glass
1,3644,cardboard
1,3645,plastic
1,3646,cardboard
1,3647,cardboard
1,3648,plastic
1,3649,metal
1,3650,glass
1,3651,metal
1,3652,plastic
1,3653,paper
1,3654,paper
1,3655,paper
1,3656,glass
1,3657,paper
1,3658,plastic
1,3659,trash
1,3660,paper
1,3661,metal
1,3662,cardboard
1,3663,plastic
1,3664,cardboard
1,3665,cardboard
1,3666,paper
1,3667,glass
1,3668,trash
1,3669,paper
1,3670,plastic
1,3671,cardboard
1,3672,glass
1,3673,trash
1,3674,trash
1,3675,metal
1,3676,metal
1,3677,trash
1,3678,paper
1,3679,glass
1,3680,plastic
1,3681,trash
1,3682,plastic
1,3683,trash
1,3684,glass
1,3685,trash
1,3686,cardboard
1,3687,glass
1,3688,glass
1,3689,metal
1,3690,plastic
1,3691,metal
1,3692,glass
1,3693,paper
1,3694,paper
1,3695,cardboard
1,3696,plastic
1,3697,trash
1,3698,trash
1,3699,paper
1,3700,plastic
1,3701,trash
1,3702,plastic
1,3703,trash
1,3704,plastic
1,3705,trash
1,3706,glass
1,3707,plastic
1,3708,paper
1,3709,cardboard
1,3710,metal
1,3711,metal
1,3712,plastic
1,3713,trash
1,3714,plastic
1,3715,metal
1,3716,paper
1,3717,paper
1,3718,cardboard
1,3719,glass
1,3720,paper
1,3721,cardboard
1,3722,trash
1,3723,plastic
1,3724,trash
1,3725,paper
1,3726,paper
1,3727,metal
1,3728,glass
1,3729,metal
1,3730,metal
1,3731,glass
1,3732,glass
1,3733,trash
1,3734,paper
1,3735,plastic
1,3736,paper
1,3737,metal
1,3738,trash
1,3739,plastic
1,3740,plastic
1,3741,cardboard
1,3742,paper
1,3743,glass
1,3744,glass
1,3745,metal
1,3746,metal
1,3747,paper
1,3748,metal
1,3749,glass
1,3750,cardboard
1,3751,paper
1,3752,cardboard
1,3753,trash
1,3754,glass
1,3755,cardboard
1,3756,cardboard
1,3757,metal
1,3758,cardboard
1,3759,cardboard
1,3760,metal
1,3761,metal
1,3762,metal
1,3763,glass
1,3764,cardboard
1,3765,trash
1,3766,trash
1,3767,trash
1,3768,cardboard
1,3769,trash
1,3770,plastic
1,3771,trash
1,3772,trash
1,3773,glass
1,3774,glass
1,3775,cardboard
1,3776,paper
1,3777,cardboard
1,3778,trash
1,3779,paper
1,3780,glass
1,3781,trash
1,3782,metal
1,3783,metal
1,3784,glass
1,3785,plastic
1,3786,trash
1,3787,paper
1,3788,plastic
1,3789,trash
1,3790,cardboard
1,3791,plastic
1,3792,cardboard
1,3793,cardboard
1,3794,glass
1,3795,plastic
1,3796,cardboard
1,3797,cardboard
1,3798,glass
1,3799,trash
1,3800,metal
1,3801,cardboard
1,3802,glass
1,3803,cardboard
1,3804,glass
1,3805,paper
1,3806,cardboard
1,3807,glass
1,3808,paper
1,3809,glass
1,3810,cardboard
1,3811,metal
1,3812,paper
1,3813,cardboard
1,3814,paper
1,3815,cardboard
1,3816,cardboard
1,3817,metal
1,3818,glass
1,3819,trash
1,3820,paper
1,3821,plastic
1,3822,metal
1,3823,cardboard
1,3824,trash
1,3825,trash
1,3826,metal
1,3827,plastic
1,3828,paper
1,3829,paper
1,3830,paper
1,3831,cardboard
1,3832,cardboard
1,3833,plastic
1,3834,glass
1,3835,glass
1,3836,glass
1,3837,glass
1,3838,paper
1,3839,paper
1,3840,paper
1,3841,metal
1,3842,plastic
1,3843,paper
1,3844,glass
1,3845,paper
1,3846,metal
1,3847,glass
1,3848,plastic
1,3849,glass
1,3850,metal
1,3851,plastic
1,3852,glass
1,3853,metal
1,3854,paper
1,3855,plastic
1,3856,cardboard
1,3857,cardboard
1,3858,trash
1,3859,cardboard
1,3860,trash
1,3861,trash
1,3862,paper
1,3863,plastic
1,3864,plastic
1,3865,glass
1,3866,trash
1,3867,glass
1,3868,glass
1,3869,glass
1,3870,plastic
1,3871,glass
1,3872,plastic
1,3873,glass
1,3874,glass
1,3875,metal
1,3876,plastic
1,3877,trash
1,3878,metal
1,3879,trash
1,3880,metal
1,3881,trash
1,3882,cardboard
1,3883,paper
1,3884,cardboard
1,3885,trash
1,3886,metal
1,3887,metal
1,3888,metal
1,3889,paper
1,3890,glass
1,3891,glass
1,3892,paper
1,3893,metal
1,3894,glass
1,3895,metal
1,3896,metal
1,3897,metal
1,3898,trash
1,3899,paper
1,3900,paper
1,3901,cardboard
1,3902,cardboard
1,3903,cardboard
1,3904,metal
1,3905,cardboard
1,3906,cardboard
1,3907,paper
1,3908,glass
1,3909,metal
1,3910,metal
1,3911,trash
1,3912,trash
1,3913,trash
1,3914,cardboard
1,3915,trash
1,3916,plastic
1,3917,glass
1,3918,metal
1,3919,paper
1,3920,trash
1,3921,glass
1,3922,trash
1,3923,paper
1,3924,metal
1,3925,metal
1,3926,glass
1,3927,plastic
1,3928,plastic
1,3929,glass
1,3930,plastic
1,3931,trash
1,3932,metal
1,3933,trash
1,3934,glass
1,3935,paper
1,3936,paper
1,3937,plastic
1,3938,metal
1,3939,cardboard
1,3940,trash
1,3941,paper
1,3942,cardboard
1,3943,plastic
1,3944,glass
1,3945,paper
1,3946,cardboard
1,3947,cardboard
1,3948,metal
1,3949,metal
1,3950,trash
1,3951,trash
1,3952,metal
1,3953,glass
1,3954,plastic
1,3955,glass
1,3956,metal
1,3957,cardboard
1,3958,glass
1,3959,glass
1,3960,cardboard
1,3961,cardboard
1,3962,trash
1,3963,metal
1,3964,metal
1,3965,glass
1,3966,cardboard
1,3967,glass
1,3968,cardboard
1,3969,glass
1,3970,glass
1,3971,paper
1,3972,metal
1,3973,plastic
1,3974,paper
1,3975,plastic
1,3976,metal
1,3977,trash
1,3978,metal
1,3979,plastic
1,3980,metal
1,3981,cardboard
1,3982,trash
1,3983,plastic
1,3984,paper
1,3985,metal
1,3986,glass
1,3987,paper
1,3988,trash
1,3989,trash
1,3990,cardboard
1,3991,plastic
1,3992,metal
1,3993,cardboard
1,3994,metal
1,3995,trash
1,3996,cardboard
1,3997,trash
1,3998,plastic
1,3999,metal
1,4000,glass
1,4001,glass
1,4002,metal
1,4003,paper
1,4004,plastic
1,4005,plastic
1,4006,paper
1,4007,glass
1,4008,trash
1,4009,trash
1,4010,paper
1,4011,cardboard
1,4012,glass
1,4013,glass
1,4014,metal
1,4015,cardboard
1,4016,plastic
1,4017,cardboard
1,4018,cardboard
1,4019,metal
1,4020,glass
1,4021,cardboard
1,4022,paper
1,4023,paper
1,4024,plastic
1,4025,paper
1,4026,trash
1,4027,glass
1,4028,paper
1,4029,plastic
1,4030,plastic
1,4031,glass
1,4032,plastic
1,4033,paper
1,4034,paper
1,4035,paper
1,4036,paper
1,4037,trash
1,4038,cardboard
1,4039,glass
1,4040,glass
1,4041,glass
1,4042,cardboard
1,4043,plastic
1,4044,trash
1,4045,metal
1,4046,cardboard
1,4047,glass
1,4048,glass
1,4049,glass
1,4050,cardboard
1,4051,trash
1,4052,trash
1,4053,glass
1,4054,trash
1,4055,metal
1,4056,trash
1,4057,metal
1,4058,metal
1,4059,metal
1,4060,cardboard
1,4061,trash
1,4062,glass
1,4063,glass
1,4064,cardboard
1,4065,plastic
1,4066,paper
1,4067,cardboard
1,4068,cardboard
1,4069,metal
1,4070,glass
1,4071,metal
1,4072,paper
1,4073,plastic
1,4074,metal
1,4075,paper
1,4076,trash
1,4077,trash
1,4078,plastic
1,4079,trash
1,4080,trash
1,4081,plastic
1,4082,paper
1,4083,paper
1,4084,metal
1,4085,cardboard
1,4086,trash
1,4087,paper
1,4088,trash
1,4089,plastic
1,4090,glass
1,4091,cardboard
1,4092,metal
1,4093,paper
1,4094,trash
1,4095,paper
1,4096,plastic
1,4097,cardboard
1,4098,glass
1,4099,metal
1,4100,trash
1,4101,cardboard
1,4102,plastic
1,4103,trash
1,4104,trash
1,4105,metal
1,4106,plastic
1,4107,metal
1,4108,trash
1,4109,metal
1,4110,glass
1,4111,paper
1,4112,paper
1,4113,plastic
1,4114,plastic
1,4115,trash
1,4116,cardboard
1,4117,metal
1,4118,plastic
1,4119,plastic
1,4120,paper
1,4121,glass
1,4122,plastic
1,4123,metal
1,4124,glass
1,4125,metal
1,4126,glass
1,4127,glass
1,4128,cardboard
1,4129,glass
1,4130,trash
1,4131,glass
1,4132,glass
1,4133,metal
1,4134,glass
1,4135,plastic
1,4136,glass
1,4137,glass
1,4138,paper
1,4139,metal
1,4140,trash
1,4141,plastic
1,4142,trash
1,4143,trash
1,4144,paper
1,4145,plastic
1,4146,metal
1,4147,paper
1,4148,glass
1,4149,metal
1,4150,paper
1,4151,cardboard
1,4152,plastic
1,4153,paper
1,4154,cardboard
1,4155,trash
1,4156,paper
1,4157,paper
1,4158,glass
1,4159,plastic
1,4160,paper
1,4161,plastic
1,4162,plastic
1,4163,plastic
1,4164,glass
1,4165,glass
1,4166,paper
1,4167,metal
1,4168,cardboard
1,4169,metal
1,4170,glass
1,4171,trash
1,4172,trash
1,4173,trash
1,4174,trash
1,4175,paper
1,4176,paper
1,4177,cardboard
1,4178,paper
1,4179,paper
1,4180,glass
1,4181,plastic
1,4182,paper
1,4183,metal
1,4184,cardboard
1,4185,paper
1,4186,paper
1,4187,trash
1,4188,glass
1,4189,paper
1,4190,metal
1,4191,metal
1,4192,paper
1,4193,cardboard
1,4194,glass
1,4195,plastic
1,4196,trash
1,4197,plastic
1,4198,plastic
1,4199,plastic
1,4200,plastic
1,4201,cardboard
1,4202,trash
1,4203,paper
1,4204,metal
1,4205,paper
1,4206,glass
1,4207,paper
1,4208,plastic
1,4209,plastic
1,4210,cardboard
1,4211,plastic
1,4212,plastic
1,4213,glass
1,4214,paper
1,4215,cardboard
1,4216,cardboard
1,4217,plastic
1,4218,metal
1,4219,paper
1,4220,glass
1,4221,glass
1,4222,trash
1,4223,trash
1,4224,trash
1,4225,metal
1,4226,glass
1,4227,metal
1,4228,cardboard
1,4229,trash
1,4230,paper
1,4231,plastic
1,4232,cardboard
1,4233,trash
1,4234,plastic
1,4235,plastic
1,4236,metal
1,4237,paper
1,4238,paper
1,4239,trash
1,4240,cardboard
1,4241,plastic
1,4242,paper
1,4243,glass
1,4244,metal
1,4245,cardboard
1,4246,trash
1,4247,plastic
1,4248,glass
1,4249,cardboard
1,4250,glass
1,4251,paper
1,4252,cardboard
1,4253,cardboard
1,4254,cardboard
1,4255,glass
1,4256,metal
1,4257,glass
1,4258,cardboard
1,4259,plastic
1,4260,trash
1,4261,cardboard
1,4262,paper
1,4263,glass
1,4264,plastic
1,4265,glass
1,4266,paper
1,4267,cardboard
1,4268,metal
1,4269,metal
1,4270,paper
1,4271,paper
1,4272,cardboard
1,4273,paper
1,4274,metal
1,4275,paper
1,4276,plastic
1,4277,cardboard
1,4278,trash
1,4279,paper
1,4280,cardboard
1,4281,cardboard
1,4282,trash
1,4283,metal
1,4284,paper
1,4285,glass
1,4286,glass
1,4287,metal
1,4288,metal
1,4289,trash
1,4290,paper
1,4291,glass
1,4292,metal
1,4293,metal
1,4294,paper
1,4295,cardboard
1,4296,paper
1,4297,cardboard
1,4298,paper
1,4299,plastic
1,4300,plastic
1,4301,glass
1,4302,metal
1,4303,paper
1,4304,glass
1,4305,plastic
1,4306,glass
1,4307,cardboard
1,4308,metal
1,4309,trash
1,4310,plastic
1,4311,paper
1,4312,paper
1,4313,plastic
1,4314,cardboard
1,4315,paper
1,4316,metal
1,4317,plastic
1,4318,trash
1,4319,plastic
1,4320,cardboard
1,4321,metal
1,4322,cardboard
1,4323,cardboard
1,4324,trash
1,4325,metal
1,4326,plastic
1,4327,glass
1,4328,cardboard
1,4329,paper
1,4330,metal
1,4331,glass
1,4332,glass
1,4333,trash
1,4334,paper
1,4335,plastic
1,4336,plastic
1,4337,glass
1,4338,cardboard
1,4339,paper
1,4340,plastic
1,4341,plastic
1,4342,trash
1,4343,plastic
1,4344,plastic
1,4345,plastic
1,4346,paper
1,4347,paper
1,4348,cardboard
1,4349,trash
1,4350,paper
1,4351,cardboard
1,4352,cardboard
1,4353,paper
1,4354,trash
1,4355,plastic
1,4356,cardboard
1,4357,paper
1,4358,metal
1,4359,glass
1,4360,glass
1,4361,glass
1,4362,cardboard
1,4363,paper
1,4364,paper
1,4365,metal
1,4366,metal
1,4367,cardboard
1,4368,glass
1,4369,cardboard
1,4370,glass
1,4371,metal
1,4372,plastic
1,4373,paper
1,4374,paper
1,4375,trash
1,4376,glass
1,4377,glass
1,4378,paper
1,4379,cardboard
1,4380,glass
1,4381,paper
1,4382,cardboard
1,4383,glass
1,4384,cardboard
1,4385,glass
1,4386,trash
1,4387,paper
1,4388,plastic
1,4389,glass
1,4390,plastic
1,4391,trash
1,4392,plastic
1,4393,cardboard
1,4394,paper
1,4395,glass
1,4396,paper
1,4397,plastic
1,4398,metal
1,4399,paper
1,4400,metal
1,4401,plastic
1,4402,plastic
1,4403,trash
1,4404,glass
1,4405,cardboard
1,4406,cardboard
1,4407,paper
1,4408,paper
1,4409,cardboard
1,4410,metal
1,4411,trash
1,4412,trash
1,4413,metal
1,4414,glass
1,4415,plastic
1,4416,trash
1,4417,trash
1,4418,cardboard
1,4419,plastic
1,4420,trash
1,4421,paper
1,4422,cardboard
1,4423,plastic
1,4424,metal
1,4425,paper
1,4426,cardboard
1,4427,trash
1,4428,metal
1,4429,trash
1,4430,cardboard
1,4431,plastic
1,4432,cardboard
1,4433,metal
1,4434,glass
1,4435,paper
1,4436,trash
1,4437,glass
1,4438,trash
1,4439,paper
1,4440,cardboard
1,4441,cardboard
1,4442,glass
1,4443,trash
1,4444,paper
1,4445,glass
1,4446,trash
1,4447,glass
1,4448,cardboard
1,4449,paper
1,4450,glass
1,4451,glass
1,4452,glass
1,4453,cardboard
1,4454,cardboard
1,4455,glass
1,4456,trash
1,4457,metal
1,4458,metal
1,4459,trash
1,4460,plastic
1,4461,paper
1,4462,cardboard
1,4463,paper
1,4464,cardboard
1,4465,plastic
1,4466,plastic
1,4467,trash
1,4468,paper
1,4469,paper
1,4470,trash
1,4471,cardboard
1,4472,glass
1,4473,paper
1,4474,metal
1,4475,metal
1,4476,glass
1,4477,metal
1,4478,trash
1,4479,trash
1,4480,plastic
1,4481,metal
1,4482,paper
1,4483,trash
1,4484,cardboard
1,4485,metal
1,4486,paper
1,4487,glass
1,4488,cardboard
1,4489,trash
1,4490,metal
1,4491,plastic
1,4492,metal
1,4493,cardboard
1,4494,plastic
1,4495,plastic
1,4496,cardboard
1,4497,cardboard
1,4498,trash
1,4499,paper
1,4500,plastic
1,4501,plastic
1,4502,trash
1,4503,cardboard
1,4504,metal
1,4505,cardboard
1,4506,paper
1,4507,paper
1,4508,cardboard
1,4509,trash
1,4510,paper
1,4511,plastic
1,4512,trash
1,4513,cardboard
1,4514,glass
1,4515,glass
1,4516,cardboard
1,4517,trash
1,4518,paper
1,4519,metal
1,4520,cardboard
1,4521,glass
1,4522,paper
1,4523,plastic
1,4524,paper
1,4525,trash
1,4526,paper
1,4527,glass
1,4528,metal
1,4529,cardboard
1,4530,trash
1,4531,trash
1,4532,paper
1,4533,glass
1,4534,cardboard
1,4535,metal
1,4536,metal
1,4537,paper
1,4538,glass
1,4539,glass
1,4540,glass
1,4541,cardboard
1,4542,trash
1,4543,metal
1,4544,metal
1,4545,paper
1,4546,trash
1,4547,glass
1,4548,paper
1,4549,glass
1,4550,trash
1,4551,paper
1,4552,cardboard
1,4553,glass
1,4554,metal
1,4555,glass
1,4556,paper
1,4557,paper
1,4558,metal
1,4559,paper
1,4560,metal
1,4561,plastic
1,4562,glass
1,4563,paper
1,4564,plastic
1,4565,cardboard
1,4566,trash
1,4567,plastic
1,4568,cardboard
1,4569,glass
1,4570,metal
1,4571,cardboard
1,4572,paper
1,4573,cardboard
1,4574,trash
1,4575,glass
1,4576,paper
1,4577,trash
1,4578,trash
1,4579,plastic
1,4580,paper
1,4581,paper
1,4582,paper
1,4583,paper
1,4584,trash
1,4585,paper
1,4586,metal
1,4587,plastic
1,4588,cardboard
1,4589,paper
1,4590,metal
1,4591,plastic
1,4592,metal
1,4593,cardboard
1,4594,cardboard
1,4595,paper
1,4596,cardboard
1,4597,plastic
1,4598,trash
1,4599,paper
1,4600,cardboard
1,4601,trash
1,4602,cardboard
1,4603,metal
1,4604,cardboard
1,4605,plastic
1,4606,metal
1,4607,paper
1,4608,paper
1,4609,glass
1,4610,metal
1,4611,cardboard
1,4612,metal
1,4613,trash
1,4614,cardboard
1,4615,glass
1,4616,cardboard
1,4617,glass
1,4618,metal
1,4619,trash
1,4620,trash
1,4621,trash
1,4622,paper
1,4623,trash
1,4624,cardboard
1,4625,trash
1,4626,glass
1,4627,metal
1,4628,glass
1,4629,trash
1,4630,trash
1,4631,trash
1,4632,paper
1,4633,plastic
1,4634,plastic
1,4635,paper
1,4636,cardboard
1,4637,trash
1,4638,plastic
1,4639,trash
1,4640,metal
1,4641,plastic
1,4642,paper
1,4643,metal
1,4644,metal
1,4645,metal
1,4646,plastic
1,4647,metal
1,4648,metal
1,4649,paper
1,4650,cardboard
1,4651,metal
1,4652,metal
1,4653,trash
1,4654,paper
1,4655,trash
1,4656,cardboard
1,4657,trash
1,4658,plastic
1,4659,trash
1,4660,trash
1,4661,paper
1,4662,plastic
1,4663,trash
1,4664,trash
1,4665,cardboard
1,4666,plastic
1,4667,metal
1,4668,glass
1,4669,plastic
1,4670,cardboard
1,4671,plastic
1,4672,glass
1,4673,trash
1,4674,paper
1,4675,trash
1,4676,glass
1,4677,plastic
1,4678,metal
1,4679,cardboard
1,4680,trash
1,4681,cardboard
1,4682,trash
1,4683,cardboard
1,4684,metal
1,4685,cardboard
1,4686,plastic
1,4687,paper
1,4688,glass
1,4689,glass
1,4690,plastic
1,4691,glass
1,4692,trash
1,4693,trash
1,4694,cardboard
1,4695,paper
1,4696,glass
1,4697,glass
1,4698,trash
1,4699,cardboard
1,4700,paper
1,4701,glass
1,4702,metal
1,4703,plastic
1,4704,plastic
1,4705,plastic
1,4706,paper
1,4707,cardboard
1,4708,plastic
1,4709,glass
1,4710,plastic
1,4711,plastic
1,4712,paper
1,4713,metal
1,4714,cardboard
1,4715,paper
1,4716,trash
1,4717,trash
1,4718,metal
1,4719,trash
1,4720,plastic
1,4721,cardboard
1,4722,glass
1,4723,plastic
1,4724,trash
1,4725,metal
1,4726,glass
1,4727,metal
1,4728,paper
1,4729,trash
1,4730,trash
1,4731,paper
1,4732,metal
1,4733,metal
1,4734,paper
1,4735,plastic
1,4736,plastic
1,4737,trash
1,4738,trash
1,4739,trash
1,4740,glass
1,4741,paper
1,4742,metal
1,4743,plastic
1,4744,glass
1,4745,paper
1,4746,trash
1,4747,trash
1,4748,trash
1,4749,glass
1,4750,glass
1,4751,paper
1,4752,glass
1,4753,glass
1,4754,glass
1,4755,glass
1,4756,plastic
1,4757,paper
1,4758,trash
1,4759,cardboard
1,4760,cardboard
1,4761,trash
1,4762,trash
1,4763,trash
1,4764,plastic
1,4765,plastic
1,4766,trash
1,4767,cardboard
1,4768,metal
1,4769,plastic
1,4770,glass
1,4771,plastic
1,4772,paper
1,4773,metal
1,4774,glass
1,4775,trash
1,4776,plastic
1,4777,cardboard
1,4778,cardboard
1,4779,cardboard
1,4780,cardboard
1,4781,glass
1,4782,trash
1,4783,trash
1,4784,glass
1,4785,metal
1,4786,trash
1,4787,glass
1,4788,trash
1,4789,glass
1,4790,metal
1,4791,cardboard
1,4792,cardboard
1,4793,metal
1,4794,plastic
1,4795,glass
1,4796,glass
1,4797,paper
1,4798,trash
1,4799,trash
1,4800,glass
1,4801,glass
1,4802,metal
1,4803,metal
1,4804,paper
1,4805,paper
1,4806,glass
1,4807,metal
1,4808,trash
1,4809,trash
1,4810,paper
1,4811,plastic
1,4812,plastic
1,4813,cardboard
1,4814,glass
1,4815,trash
1,4816,trash
1,4817,trash
1,4818,cardboard
1,4819,metal
1,4820,cardboard
1,4821,metal
1,4822,glass
1,4823,cardboard
1,4824,trash
1,4825,glass
1,4826,metal
1,4827,trash
1,4828,cardboard
1,4829,metal
1,4830,paper
1,4831,plastic
1,4832,cardboard
1,4833,cardboard
1,4834,glass
1,4835,plastic
1,4836,cardboard
1,4837,glass
1,4838,trash
1,4839,paper
1,4840,trash
1,4841,metal
1,4842,glass
1,4843,plastic
1,4844,cardboard
1,4845,plastic
1,4846,paper
1,4847,glass
1,4848,paper
1,4849,plastic
1,4850,paper
1,4851,paper
1,4852,cardboard
1,4853,trash
1,4854,glass
1,4855,trash
1,4856,paper
1,4857,glass
1,4858,glass
1,4859,trash
1,4860,plastic
1,4861,trash
1,4862,cardboard
1,4863,paper
1,4864,glass
1,4865,glass
1,4866,plastic
1,4867,cardboard
1,4868,trash
1,4869,plastic
1,4870,plastic
1,4871,paper
1,4872,glass
1,4873,metal
1,4874,metal
1,4875,plastic
1,4876,paper
1,4877,plastic
1,4878,plastic
1,4879,paper
1,4880,glass
1,4881,metal
1,4882,paper
1,4883,metal
1,4884,cardboard
1,4885,plastic
1,4886,paper
1,4887,plastic
1,4888,cardboard
1,4889,glass
1,4890,plastic
1,4891,glass
1,4892,cardboard
1,4893,plastic
1,4894,trash
1,4895,trash
1,4896,paper
1,4897,cardboard
1,4898,paper
1,4899,trash
1,4900,metal
1,4901,plastic
1,4902,plastic
1,4903,glass
1,4904,paper
1,4905,metal
1,4906,metal
1,4907,cardboard
1,4908,trash
1,4909,metal
1,4910,metal
1,4911,metal
1,4912,trash
1,4913,metal
1,4914,metal
1,4915,plastic
1,4916,plastic
1,4917,paper
1,4918,glass
1,4919,paper
1,4920,paper
1,4921,paper
1,4922,metal
1,4923,plastic
1,4924,paper
1,4925,metal
1,4926,glass
1,4927,trash
1,4928,paper
1,4929,cardboard
1,4930,trash
1,4931,trash
1,4932,glass
1,4933,trash
1,4934,plastic
1,4935,metal
1,4936,plastic
1,4937,metal
1,4938,plastic
1,4939,metal
1,4940,trash
1,4941,paper
1,4942,cardboard
1,4943,glass
1,4944,cardboard
1,4945,trash
1,4946,trash
1,4947,paper
1,4948,cardboard
1,4949,plastic
1,4950,trash
1,4951,trash
1,4952,plastic
1,4953,plastic
1,4954,paper
1,4955,metal
1,4956,glass
1,4957,paper
1,4958,metal
1,4959,metal
1,4960,plastic
1,4961,metal
1,4962,paper
1,4963,cardboard
1,4964,trash
1,4965,metal
1,4966,plastic
1,4967,paper
1,4968,glass
1,4969,plastic
1,4970,plastic
1,4971,cardboard
1,4972,paper
1,4973,paper
1,4974,trash
1,4975,metal
1,4976,cardboard
1,4977,glass
1,4978,plastic
1,4979,glass
1,4980,cardboard
1,4981,metal
1,4982,plastic
1,4983,cardboard
1,4984,cardboard
1,4985,paper
1,4986,trash
1,4987,glass
1,4988,paper
1,4989,plastic
1,4990,plastic
1,4991,paper
1,4992,paper
1,4993,metal
1,4994,cardboard
1,4995,paper
1,4996,glass
1,4997,cardboard
1,4998,paper
1,4999,paper
1,5000,metal
1,5001,paper
1,5002,glass
1,5003,glass
1,5004,glass
1,5005,glass
1,5006,cardboard
1,5007,metal
1,5008,glass
1,5009,paper
1,5010,cardboard
1,5011,paper
1,5012,plastic
1,5013,plastic
1,5014,paper
1,5015,cardboard
1,5016,plastic
1,5017,cardboard
1,5018,trash
1,5019,glass
1,5020,trash
1,5021,trash
1,5022,glass
1,5023,cardboard
1,5024,metal
1,5025,cardboard
1,5026,glass
1,5027,glass
1,5028,paper
1,5029,glass
1,5030,metal
1,5031,trash
1,5032,paper
1,5033,metal
1,5034,trash
1,5035,metal
1,5036,paper
1,5037,metal
1,5038,trash
1,5039,glass
1,5040,cardboard
1,5041,glass
1,5042,paper
1,5043,paper
1,5044,metal
1,5045,trash
1,5046,glass
1,5047,metal
1,5048,glass
1,5049,metal
1,5050,glass
1,5051,plastic
1,5052,cardboard
1,5053,plastic
1,5054,paper
1,5055,plastic
1,5056,paper
1,5057,metal
1,5058,glass
1,5059,trash
1,5060,cardboard
1,5061,trash
1,5062,paper
1,5063,paper
1,5064,cardboard
1,5065,plastic
1,5066,cardboard
1,5067,glass
1,5068,plastic
1,5069,cardboard
1,5070,paper
1,5071,glass
1,5072,trash
1,5073,plastic
1,5074,paper
1,5075,paper
1,5076,cardboard
1,5077,cardboard
1,5078,plastic
1,5079,trash
1,5080,paper
1,5081,cardboard
1,5082,cardboard
1,5083,paper
1,5084,plastic
1,5085,glass
1,5086,trash
1,5087,trash
1,5088,metal
1,5089,plastic
1,5090,trash
1,5091,metal
1,5092,trash
1,5093,paper
1,5094,plastic
1,5095,trash
1,5096,glass
1,5097,metal
1,5098,trash
1,5099,paper
1,5100,glass
1,5101,trash
1,5102,plastic
1,5103,glass
1,5104,metal
1,5105,trash
1,5106,trash
1,5107,trash
1,5108,glass
1,5109,cardboard
1,5110,metal
1,5111,plastic
1,5112,metal
1,5113,metal
1,5114,metal
1,5115,trash
1,5116,cardboard
1,5117,cardboard
1,5118,paper
1,5119,plastic
1,5120,cardboard
1,5121,glass
1,5122,glass
1,5123,plastic
1,5124,paper
1,5125,glass
1,5126,plastic
1,5127,trash
1,5128,metal
1,5129,cardboard
1,5130,plastic
1,5131,glass
1,5132,glass
1,5133,metal
1,5134,glass
1,5135,metal
1,5136,cardboard
1,5137,paper
1,5138,paper
1,5139,plastic
1,5140,glass
1,5141,trash
1,5142,plastic
1,5143,paper
1,5144,plastic
1,5145,glass
1,5146,metal
1,5147,metal
1,5148,paper
1,5149,glass
1,5150,paper
1,5151,glass
1,5152,plastic
1,5153,paper
1,5154,glass
1,5155,metal
1,5156,plastic
1,5157,plastic
1,5158,trash
1,5159,cardboard
1,5160,metal
1,5161,plastic
1,5162,metal
1,5163,cardboard
1,5164,cardboard
1,5165,trash
1,5166,metal
1,5167,paper
1,5168,cardboard
1,5169,metal
1,5170,paper
1,5171,metal
1,5172,glass
1,5173,plastic
1,5174,glass
1,5175,trash
1,5176,paper
1,5177,plastic
1,5178,plastic
1,5179,trash
1,5180,glass
1,5181,paper
1,5182,plastic
1,5183,paper
1,5184,metal
1,5185,trash
1,5186,trash
1,5187,cardboard
1,5188,cardboard
1,5189,glass
1,5190,plastic
1,5191,paper
1,5192,cardboard
1,5193,cardboard
1,5194,metal
1,5195,glass
1,5196,glass
1,5197,trash
1,5198,paper
1,5199,cardboard
1,5200,cardboard
1,5201,plastic
1,5202,glass
1,5203,trash
1,5204,trash
1,5205,paper
1,5206,metal
1,5207,paper
1,5208,plastic
1,5209,cardboard
1,5210,paper
1,5211,glass
1,5212,glass
1,5213,glass
1,5214,paper
1,5215,trash
1,5216,cardboard
1,5217,trash
1,5218,glass
1,5219,glass
1,5220,glass
1,5221,glass
1,5222,paper
1,5223,plastic
1,5224,glass
1,5225,plastic
1,5226,cardboard
1,5227,metal
1,5228,cardboard
1,5229,metal
1,5230,trash
1,5231,trash
1,5232,plastic
1,5233,trash
1,5234,paper
1,5235,cardboard
1,5236,metal
1,5237,paper
1,5238,paper
1,5239,trash
1,5240,glass
1,5241,trash
1,5242,cardboard
1,5243,plastic
1,5244,plastic
1,5245,plastic
1,5246,trash
1,5247,metal
1,5248,cardboard
1,5249,plastic
1,5250,cardboard
1,5251,metal
1,5252,trash
1,5253,trash
1,5254,paper
1,5255,metal
1,5256,cardboard
1,5257,plastic
1,5258,plastic
1,5259,paper
1,5260,metal
1,5261,trash
1,5262,paper
1,5263,glass
1,5264,trash
1,5265,metal
1,5266,metal
1,5267,glass
1,5268,paper
1,5269,cardboard
1,5270,glass
1,5271,plastic
1,5272,paper
1,5273,metal
1,5274,metal
1,5275,plastic
1,5276,cardboard
1,5277,glass
1,5278,glass
1,5279,plastic
1,5280,cardboard
1,5281,plastic
1,5282,paper
1,5283,metal
1,5284,metal
1,5285,metal
1,5286,plastic
1,5287,glass
1,5288,trash
1,5289,metal
1,5290,paper
1,5291,trash
1,5292,trash
1,5293,metal
1,5294,cardboard
1,5295,glass
1,5296,cardboard
1,5297,plastic
1,5298,paper
1,5299,metal
1,5300,trash
1,5301,cardboard
1,5302,plastic
1,5303,cardboard
1,5304,plastic
1,5305,cardboard
1,5306,trash
1,5307,metal
1,5308,metal
1,5309,glass
1,5310,plastic
1,5311,trash
1,5312,glass
1,5313,trash
1,5314,glass
1,5315,metal
1,5316,paper
1,5317,cardboard
1,5318,cardboard
1,5319,paper
1,5320,metal
1,5321,paper
1,5322,cardboard
1,5323,glass
1,5324,metal
1,5325,paper
1,5326,trash
1,5327,glass
1,5328,paper
1,5329,glass
1,5330,metal
1,5331,trash
1,5332,glass
1,5333,glass
1,5334,cardboard
1,5335,paper
1,5336,paper
1,5337,paper
1,5338,trash
1,5339,cardboard
1,5340,cardboard
1,5341,trash
1,5342,paper
1,5343,metal
1,5344,glass
1,5345,cardboard
1,5346,paper
1,5347,glass
1,5348,plastic
1,5349,metal
1,5350,glass
1,5351,paper
1,5352,cardboard
1,5353,metal
1,5354,cardboard
1,5355,plastic
1,5356,metal
1,5357,cardboard
1,5358,metal
1,5359,trash
1,5360,metal
1,5361,plastic
1,5362,paper
1,5363,glass
1,5364,trash
1,5365,paper
1,5366,cardboard
1,5367,cardboard
1,5368,cardboard
1,5369,cardboard
1,5370,cardboard
1,5371,cardboard
1,5372,metal
1,5373,glass
1,5374,trash
1,5375,trash
1,5376,glass
1,5377,glass
1,5378,metal
1,5379,plastic
1,5380,cardboard
1,5381,cardboard
1,5382,cardboard
1,5383,paper
1,5384,plastic
1,5385,metal
1,5386,trash
1,5387,paper
1,5388,glass
1,5389,cardboard
1,5390,glass
1,5391,cardboard
1,5392,glass
1,5393,metal
1,5394,glass
1,5395,glass
1,5396,trash
1,5397,paper
1,5398,glass
1,5399,cardboard
1,5400,paper
1,5401,glass
1,5402,glass
1,5403,glass
1,5404,metal
1,5405,glass
1,5406,paper
1,5407,trash
1,5408,metal
1,5409,plastic
1,5410,plastic
1,5411,metal
1,5412,metal
1,5413,plastic
1,5414,paper
1,5415,cardboard
1,5416,plastic
1,5417,paper
1,5418,cardboard
1,5419,plastic
1,5420,plastic
1,5421,plastic
1,5422,paper
1,5423,glass
1,5424,glass
1,5425,trash
1,5426,trash
1,5427,plastic
1,5428,paper
1,5429,trash
1,5430,glass
1,5431,paper
1,5432,trash
1,5433,trash
1,5434,metal
1,5435,glass
1,5436,metal
1,5437,plastic
1,5438,glass
1,5439,trash
1,5440,paper
1,5441,trash
1,5442,metal
1,5443,plastic
1,5444,metal
1,5445,plastic
1,5446,metal
1,5447,cardboard
1,5448,glass
1,5449,plastic
1,5450,trash
1,5451,plastic
1,5452,plastic
1,5453,trash
1,5454,cardboard
1,5455,cardboard
1,5456,plastic
1,5457,plastic
1,5458,trash
1,5459,trash
1,5460,cardboard
1,5461,glass
1,5462,metal
1,5463,glass
1,5464,cardboard
1,5465,plastic
1,5466,cardboard
1,5467,paper
1,5468,plastic
1,5469,plastic
1,5470,plastic
1,5471,cardboard
1,5472,cardboard
1,5473,plastic
1,5474,trash
1,5475,glass
1,5476,glass
1,5477,plastic
1,5478,glass
1,5479,cardboard
1,5480,trash
1,5481,metal
1,5482,paper
1,5483,paper
1,5484,trash
1,5485,plastic
1,5486,plastic
1,5487,paper
1,5488,metal
1,5489,cardboard
1,5490,paper
1,5491,plastic
1,5492,glass
1,5493,plastic
1,5494,glass
1,5495,glass
1,5496,plastic
1,5497,trash
1,5498,paper
1,5499,trash
1,5500,glass
1,5501,plastic
1,5502,metal
1,5503,cardboard
1,5504,paper
1,5505,metal
1,5506,plastic
1,5507,cardboard
1,5508,plastic
1,5509,paper
1,5510,trash
1,5511,plastic
1,5512,glass
1,5513,plastic
1,5514,plastic
1,5515,plastic
1,5516,metal
1,5517,plastic
1,5518,trash
1,5519,trash
1,5520,paper
1,5521,glass
1,5522,glass
1,5523,trash
1,5524,plastic
1,5525,glass
1,5526,plastic
1,5527,metal
1,5528,paper
1,5529,metal
1,5530,cardboard
1,5531,metal
1,5532,cardboard
1,5533,cardboard
1,5534,cardboard
1,5535,plastic
1,5536,metal
1,5537,metal
1,5538,paper
1,5539,trash
1,5540,cardboard
1,5541,cardboard
1,5542,trash
1,5543,paper
1,5544,paper
1,5545,trash
1,5546,plastic
1,5547,paper
1,5548,metal
1,5549,plastic
1,5550,trash
1,5551,glass
1,5552,glass
1,5553,plastic
1,5554,paper
1,5555,cardboard
1,5556,cardboard
1,5557,paper
1,5558,trash
1,5559,cardboard
1,5560,trash
1,5561,metal
1,5562,glass
1,5563,glass
1,5564,glass
1,5565,metal
1,5566,plastic
1,5567,trash
1,5568,paper
1,5569,cardboard
1,5570,trash
1,5571,metal
1,5572,glass
1,5573,paper
1,5574,paper
1,5575,trash
1,5576,trash
1,5577,cardboard
1,5578,trash
1,5579,trash
1,5580,metal
1,5581,trash
1,5582,paper
1,5583,cardboard
1,5584,glass
1,5585,plastic
1,5586,plastic
1,5587,trash
1,5588,plastic
1,5589,paper
1,5590,cardboard
1,5591,glass
1,5592,plastic
1,5593,metal
1,5594,paper
1,5595,paper
1,5596,glass
1,5597,cardboard
1,5598,paper
1,5599,glass
1,5600,paper
1,5601,trash
1,5602,paper
1,5603,plastic
1,5604,plastic
1,5605,cardboard
1,5606,glass
1,5607,paper
1,5608,glass
1,5609,metal
1,5610,trash
1,5611,glass
1,5612,metal
1,5613,plastic
1,5614,trash
1,5615,metal
1,5616,metal
1,5617,trash
1,5618,paper
1,5619,plastic
1,5620,metal
1,5621,cardboard
1,5622,cardboard
1,5623,metal
1,5624,paper
1,5625,glass
1,5626,glass
1,5627,trash
1,5628,paper
1,5629,cardboard
1,5630,glass
1,5631,trash
1,5632,plastic
1,5633,paper
1,5634,trash
1,5635,glass
1,5636,trash
1,5637,glass
1,5638,trash
1,5639,cardboard
1,5640,paper
1,5641,paper
1,5642,trash
1,5643,metal
1,5644,trash
1,5645,paper
1,5646,metal
1,5647,paper
1,5648,plastic
1,5649,metal
1,5650,plastic
1,5651,trash
1,5652,cardboard
1,5653,cardboard
1,5654,metal
1,5655,plastic
1,5656,paper
1,5657,trash
1,5658,cardboard
1,5659,glass
1,5660,plastic
1,5661,metal
1,5662,cardboard
1,5663,metal
1,5664,glass
1,5665,paper
1,5666,plastic
1,5667,cardboard
1,5668,paper
1,5669,glass
1,5670,trash
1,5671,glass
1,5672,trash
1,5673,glass
1,5674,paper
1,5675,trash
1,5676,metal
1,5677,glass
1,5678,glass
1,5679,paper
1,5680,glass
1,5681,glass
1,5682,glass
1,5683,cardboard
1,5684,paper
1,5685,glass
1,5686,paper
1,5687,trash
1,5688,glass
1,5689,paper
1,5690,trash
1,5691,metal
1,5692,glass
1,5693,plastic
1,5694,trash
1,5695,paper
1,5696,plastic
1,5697,cardboard
1,5698,metal
1,5699,glass
1,5700,cardboard
1,5701,cardboard
1,5702,glass
1,5703,paper
1,5704,cardboard
1,5705,plastic
1,5706,trash
1,5707,glass
1,5708,paper
1,5709,plastic
1,5710,cardboard
1,5711,cardboard
1,5712,paper
1,5713,paper
1,5714,trash
1,5715,trash
1,5716,plastic
1,5717,plastic
1,5718,metal
1,5719,trash
1,5720,glass
1,5721,paper
1,5722,metal
1,5723,plastic
1,5724,metal
1,5725,trash
1,5726,paper
1,5727,trash
1,5728,plastic
1,5729,cardboard
1,5730,metal
1,5731,trash
1,5732,paper
1,5733,glass
1,5734,cardboard
1,5735,paper
1,5736,glass
1,5737,cardboard
1,5738,plastic
1,5739,paper
1,5740,metal
1,5741,paper
1,5742,cardboard
1,5743,metal
1,5744,metal
1,5745,cardboard
1,5746,cardboard
1,5747,paper
1,5748,glass
1,5749,trash
1,5750,paper
1,5751,paper
1,5752,cardboard
1,5753,trash
1,5754,trash
1,5755,paper
1,5756,cardboard
1,5757,glass
1,5758,paper
1,5759,trash
1,5760,trash
1,5761,trash
1,5762,trash
1,5763,glass
1,5764,glass
1,5765,paper
1,5766,trash
1,5767,paper
1,5768,cardboard
1,5769,plastic
1,5770,paper
1,5771,plastic
1,5772,glass
1,5773,metal
1,5774,metal
1,5775,plastic
1,5776,trash
1,5777,paper
1,5778,cardboard
1,5779,trash
1,5780,cardboard
1,5781,glass
1,5782,glass
1,5783,plastic
1,5784,trash
1,5785,plastic
1,5786,glass
1,5787,trash
1,5788,glass
1,5789,cardboard
1,5790,plastic
1,5791,metal
1,5792,trash
1,5793,cardboard
1,5794,glass
1,5795,glass
1,5796,plastic
1,5797,trash
1,5798,trash
1,5799,glass
1,5800,paper
1,5801,cardboard
1,5802,paper
1,5803,cardboard
1,5804,plastic
1,5805,trash
1,5806,cardboard
1,5807,cardboard
1,5808,paper
1,5809,trash
1,5810,trash
1,5811,glass
1,5812,trash
1,5813,cardboard
1,5814,metal
1,5815,plastic
1,5816,paper
1,5817,trash
1,5818,glass
1,5819,plastic
1,5820,glass
1,5821,plastic
1,5822,paper
1,5823,metal
1,5824,trash
1,5825,metal
1,5826,glass
1,5827,paper
1,5828,plastic
1,5829,glass
1,5830,cardboard
1,5831,glass
1,5832,glass
1,5833,cardboard
1,5834,paper
1,5835,cardboard
1,5836,paper
1,5837,glass
1,5838,trash
1,5839,paper
1,5840,plastic
1,5841,paper
1,5842,glass
1,5843,cardboard
1,5844,paper
1,5845,cardboard
1,5846,metal
1,5847,glass
1,5848,cardboard
1,5849,cardboard
1,5850,paper
1,5851,cardboard
1,5852,paper
1,5853,paper
1,5854,glass
1,5855,plastic
1,5856,paper
1,5857,plastic
1,5858,paper
1,5859,glass
1,5860,plastic
1,5861,paper
1,5862,metal
1,5863,trash
1,5864,trash
1,5865,paper
1,5866,paper
1,5867,cardboard
1,5868,glass
1,5869,trash
1,5870,trash
1,5871,cardboard
1,5872,metal
1,5873,paper
1,5874,trash
1,5875,glass
1,5876,cardboard
1,5877,glass
1,5878,glass
1,5879,plastic
1,5880,metal
1,5881,paper
1,5882,cardboard
1,5883,metal
1,5884,plastic
1,5885,paper
1,5886,glass
1,5887,glass
1,5888,paper
1,5889,metal
1,5890,trash
1,5891,trash
1,5892,paper
1,5893,cardboard
1,5894,trash
1,5895,metal
1,5896,glass
1,5897,trash
1,5898,trash
1,5899,plastic
1,5900,glass
1,5901,cardboard
1,5902,plastic
1,5903,glass
1,5904,trash
1,5905,glass
1,5906,plastic
1,5907,glass
1,5908,paper
1,5909,glass
1,5910,trash
1,5911,metal
1,5912,metal
1,5913,glass
1,5914,metal
1,5915,glass
1,5916,metal
1,5917,paper
1,5918,paper
1,5919,paper
1,5920,metal
1,5921,paper
1,5922,trash
1,5923,cardboard
1,5924,cardboard
1,5925,cardboard
1,5926,trash
1,5927,metal
1,5928,glass
1,5929,plastic
1,5930,metal
1,5931,cardboard
1,5932,trash
1,5933,cardboard
1,5934,cardboard
1,5935,trash
1,5936,glass
1,5937,trash
1,5938,metal
1,5939,paper
1,5940,trash
1,5941,glass
1,5942,glass
1,5943,metal
1,5944,trash
1,5945,plastic
1,5946,trash
1,5947,glass
1,5948,cardboard
1,5949,plastic
1,5950,cardboard
1,5951,plastic
1,5952,paper
1,5953,plastic
1,5954,glass
1,5955,trash
1,5956,trash
1,5957,trash
1,5958,glass
1,5959,glass
1,5960,paper
1,5961,metal
1,5962,trash
1,5963,metal
1,5964,paper
1,5965,metal
1,5966,trash
1,5967,cardboard
1,5968,paper
1,5969,paper
1,5970,trash
1,5971,trash
1,5972,plastic
1,5973,trash
1,5974,trash
1,5975,metal
1,5976,cardboard
1,5977,glass
1,5978,plastic
1,5979,plastic
1,5980,cardboard
1,5981,glass
1,5982,paper
1,5983,plastic
1,5984,glass
1,5985,cardboard
1,5986,metal
1,5987,trash
1,5988,paper
1,5989,glass
1,5990,metal
1,5991,trash
1,5992,paper
1,5993,trash
1,5994,cardboard
1,5995,plastic
1,5996,paper
1,5997,trash
1,5998,trash
1,5999,glass
1,6000,metal
1,6001,cardboard
1,6002,trash
1,6003,cardboard
1,6004,metal
1,6005,metal
1,6006,metal
1,6007,glass
1,6008,plastic
1,6009,metal
1,6010,paper
1,6011,metal
1,6012,trash
1,6013,plastic
1,6014,glass
1,6015,glass
1,6016,cardboard
1,6017,cardboard
1,6018,plastic
1,6019,paper
1,6020,plastic
1,6021,plastic
1,6022,trash
1,6023,metal
1,6024,plastic
1,6025,plastic
1,6026,plastic
1,6027,glass
1,6028,cardboard
1,6029,trash
1,6030,glass
1,6031,trash
1,6032,paper
1,6033,trash
1,6034,cardboard
1,6035,trash
1,6036,paper
1,6037,cardboard
1,6038,paper
1,6039,trash
1,6040,metal
1,6041,plastic
1,6042,glass
1,6043,paper
1,6044,metal
1,6045,trash
1,6046,metal
1,6047,trash
1,6048,trash
1,6049,cardboard
1,6050,metal
1,6051,glass
1,6052,glass
1,6053,glass
1,6054,cardboard
1,6055,paper
1,6056,trash
1,6057,metal
1,6058,glass
1,6059,glass
1,6060,glass
1,6061,paper
1,6062,glass
1,6063,trash
1,6064,metal
1,6065,plastic
1,6066,plastic
1,6067,plastic
1,6068,trash
1,6069,cardboard
1,6070,glass
1,6071,metal
1,6072,trash
1,6073,cardboard
1,6074,trash
1,6075,paper
1,6076,cardboard
1,6077,metal
1,6078,cardboard
1,6079,plastic
1,6080,plastic
1,6081,glass
1,6082,metal
1,6083,trash
1,6084,trash
1,6085,paper
1,6086,paper
1,6087,trash
1,6088,paper
1,6089,paper
1,6090,glass
1,6091,metal
1,6092,glass
1,6093,trash
1,6094,trash
1,6095,metal
1,6096,paper
1,6097,glass
1,6098,metal
1,6099,paper
1,6100,trash
1,6101,trash
1,6102,glass
1,6103,trash
1,6104,glass
1,6105,cardboard
1,6106,plastic
1,6107,cardboard
1,6108,paper
1,6109,glass
1,6110,trash
1,6111,glass
1,6112,plastic
1,6113,glass
1,6114,trash
1,6115,metal
1,6116,trash
1,6117,glass
1,6118,plastic
1,6119,paper
1,6120,paper
1,6121,trash
1,6122,plastic
1,6123,plastic
1,6124,plastic
1,6125,paper
1,6126,trash
1,6127,plastic
1,6128,cardboard
1,6129,plastic
1,6130,plastic
1,6131,metal
1,6132,cardboard
1,6133,metal
1,6134,trash
1,6135,plastic
1,6136,cardboard
1,6137,trash
1,6138,glass
1,6139,plastic
1,6140,metal
1,6141,trash
1,6142,cardboard
1,6143,glass
1,6144,glass
1,6145,glass
1,6146,plastic
1,6147,trash
1,6148,glass
1,6149,metal
1,6150,trash
1,6151,paper
1,6152,metal
1,6153,cardboard
1,6154,metal
1,6155,trash
1,6156,metal
1,6157,metal
1,6158,glass
1,6159,trash
1,6160,glass
1,6161,plastic
1,6162,plastic
1,6163,plastic
1,6164,plastic
1,6165,metal
1,6166,plastic
1,6167,cardboard
1,6168,paper
1,6169,plastic
1,6170,trash
1,6171,metal
1,6172,metal
1,6173,cardboard
1,6174,cardboard
1,6175,trash
1,6176,glass
1,6177,paper
1,6178,paper
1,6179,glass
1,6180,metal
1,6181,paper
1,6182,trash
1,6183,trash
1,6184,metal
1,6185,cardboard
1,6186,paper
1,6187,metal
1,6188,glass
1,6189,metal
1,6190,metal
1,6191,cardboard
1,6192,metal
1,6193,trash
1,6194,metal
1,6195,trash
1,6196,glass
1,6197,glass
1,6198,metal
1,6199,paper
1,6200,cardboard
1,6201,paper
1,6202,trash
1,6203,metal
1,6204,plastic
1,6205,plastic
1,6206,glass
1,6207,paper
1,6208,paper
1,6209,paper
1,6210,trash
1,6211,metal
1,6212,glass
1,6213,cardboard
1,6214,cardboard
1,6215,plastic
1,6216,trash
1,6217,plastic
1,6218,paper
1,6219,paper
1,6220,trash
1,6221,glass
1,6222,paper
1,6223,cardboard
1,6224,metal
1,6225,plastic
1,6226,plastic
1,6227,plastic
1,6228,paper
1,6229,glass
1,6230,paper
1,6231,glass
1,6232,metal
1,6233,trash
1,6234,trash
1,6235,trash
1,6236,metal
1,6237,cardboard
1,6238,trash
1,6239,trash
1,6240,paper
1,6241,trash
1,6242,trash
1,6243,paper
1,6244,cardboard
1,6245,metal
1,6246,plastic
1,6247,paper
1,6248,cardboard
1,6249,metal
1,6250,trash
1,6251,paper
1,6252,glass
1,6253,plastic
1,6254,paper
1,6255,cardboard
1,6256,paper
1,6257,cardboard
1,6258,cardboard
1,6259,plastic
1,6260,trash
1,6261,plastic
1,6262,cardboard
1,6263,glass
1,6264,paper
1,6265,cardboard
1,6266,trash
1,6267,glass
1,6268,plastic
1,6269,trash
1,6270,paper
1,6271,trash
1,6272,plastic
1,6273,trash
1,6274,plastic
1,6275,glass
1,6276,cardboard
1,6277,metal
1,6278,metal
1,6279,plastic
1,6280,glass
1,6281,plastic
1,6282,trash
1,6283,glass
1,6284,cardboard
1,6285,trash
1,6286,trash
1,6287,trash
1,6288,paper
1,6289,trash
1,6290,trash
1,6291,glass
1,6292,paper
1,6293,cardboard
1,6294,cardboard
1,6295,trash
1,6296,cardboard
1,6297,metal
1,6298,trash
1,6299,plastic
1,6300,plastic
1,6301,cardboard
1,6302,cardboard
1,6303,trash
1,6304,cardboard
1,6305,cardboard
1,6306,trash
1,6307,cardboard
1,6308,plastic
1,6309,metal
1,6310,plastic
1,6311,glass
1,6312,paper
1,6313,plastic
1,6314,plastic
1,6315,glass
1,6316,plastic
1,6317,metal
1,6318,metal
1,6319,trash
1,6320,paper
1,6321,glass
1,6322,metal
1,6323,paper
1,6324,metal
1,6325,glass
1,6326,trash
1,6327,glass
1,6328,glass
1,6329,trash
1,6330,cardboard
1,6331,plastic
1,6332,paper
1,6333,plastic
1,6334,plastic
1,6335,paper
1,6336,plastic
1,6337,trash
1,6338,metal
1,6339,metal
1,6340,glass
1,6341,plastic
1,6342,paper
1,6343,paper
1,6344,metal
1,6345,cardboard
1,6346,glass
1,6347,trash
1,6348,trash
1,6349,trash
1,6350,plastic
1,6351,paper
1,6352,glass
1,6353,plastic
1,6354,glass
1,6355,plastic
1,6356,metal
1,6357,paper
1,6358,glass
1,6359,plastic
1,6360,glass
1,6361,plastic
1,6362,glass
1,6363,trash
1,6364,metal
1,6365,metal
1,6366,plastic
1,6367,paper
1,6368,glass
1,6369,plastic
1,6370,glass
1,6371,plastic
1,6372,paper
1,6373,glass
1,6374,paper
1,6375,metal
1,6376,plastic
1,6377,glass
1,6378,metal
1,6379,trash
1,6380,paper
1,6381,cardboard
1,6382,cardboard
1,6383,trash
1,6384,glass
1,6385,glass
1,6386,glass
1,6387,paper
1,6388,cardboard
1,6389,glass
1,6390,cardboard
1,6391,plastic
1,6392,trash
1,6393,metal
1,6394,glass
1,6395,trash
1,6396,trash
1,6397,trash
1,6398,trash
1,6399,trash
1,6400,trash
1,6401,plastic
1,6402,cardboard
1,6403,plastic
1,6404,glass
1,6405,trash
1,6406,metal
1,6407,trash
1,6408,cardboard
1,6409,glass
1,6410,paper
1,6411,glass
1,6412,paper
1,6413,plastic
1,6414,glass
1,6415,trash
1,6416,trash
1,6417,paper
1,6418,trash
1,6419,paper
1,6420,trash
1,6421,trash
1,6422,plastic
1,6423,glass
1,6424,metal
1,6425,trash
1,6426,trash
1,6427,trash
1,6428,paper
1,6429,cardboard
1,6430,cardboard
1,6431,cardboard
1,6432,glass
1,6433,paper
1,6434,plastic
1,6435,glass
1,6436,plastic
1,6437,cardboard
1,6438,glass
1,6439,glass
1,6440,paper
1,6441,glass
1,6442,paper
1,6443,metal
1,6444,glass
1,6445,cardboard
1,6446,cardboard
1,6447,trash
1,6448,glass
1,6449,metal
1,6450,cardboard
1,6451,paper
1,6452,glass
1,6453,trash
1,6454,paper
1,6455,cardboard
1,6456,plastic
1,6457,plastic
1,6458,glass
1,6459,plastic
1,6460,glass
1,6461,metal
1,6462,paper
1,6463,cardboard
1,6464,plastic
1,6465,glass
1,6466,trash
1,6467,cardboard
1,6468,metal
1,6469,plastic
1,6470,metal
1,6471,metal
1,6472,paper
1,6473,metal
1,6474,trash
1,6475,glass
1,6476,cardboard
1,6477,metal
1,6478,plastic
1,6479,cardboard
1,6480,trash
1,6481,metal
1,6482,plastic
1,6483,glass
1,6484,paper
1,6485,metal
1,6486,paper
1,6487,cardboard
1,6488,glass
1,6489,metal
1,6490,glass
1,6491,trash
1,6492,glass
1,6493,glass
1,6494,cardboard
1,6495,metal
1,6496,plastic
1,6497,paper
1,6498,paper
1,6499,plastic
1,6500,cardboard
1,6501,glass
1,6502,cardboard
1,6503,metal
1,6504,glass
1,6505,paper
1,6506,metal
1,6507,trash
1,6508,metal
1,6509,plastic
1,6510,cardboard
1,6511,trash
1,6512,glass
1,6513,trash
1,6514,trash
1,6515,glass
1,6516,metal
1,6517,plastic
1,6518,metal
1,6519,cardboard
1,6520,metal
1,6521,metal
1,6522,metal
1,6523,glass
1,6524,glass
1,6525,paper
1,6526,glass
1,6527,trash
1,6528,paper
1,6529,cardboard
1,6530,plastic
1,6531,paper
1,6532,metal
1,6533,trash
1,6534,trash
1,6535,trash
1,6536,glass
1,6537,cardboard
1,6538,plastic
1,6539,paper
1,6540,plastic
1,6541,cardboard
1,6542,metal
1,6543,paper
1,6544,cardboard
1,6545,metal
1,6546,glass
1,6547,trash
1,6548,metal
1,6549,paper
1,6550,metal
1,6551,plastic
1,6552,paper
1,6553,cardboard
1,6554,plastic
1,6555,cardboard
1,6556,cardboard
1,6557,glass
1,6558,plastic
1,6559,paper
1,6560,plastic
1,6561,trash
1,6562,glass
1,6563,cardboard
1,6564,trash
1,6565,plastic
1,6566,paper
1,6567,plastic
1,6568,plastic
1,6569,plastic
1,6570,paper
1,6571,metal
1,6572,metal
1,6573,glass
1,6574,trash
1,6575,plastic
1,6576,trash
1,6577,paper
1,6578,plastic
1,6579,glass
1,6580,glass
1,6581,cardboard
1,6582,trash
1,6583,paper
1,6584,glass
1,6585,paper
1,6586,paper
1,6587,paper
1,6588,trash
1,6589,plastic
1,6590,plastic
1,6591,paper
1,6592,plastic
1,6593,glass
1,6594,cardboard
1,6595,trash
1,6596,paper
1,6597,trash
1,6598,plastic
1,6599,plastic
1,6600,cardboard
1,6601,cardboard
1,6602,paper
1,6603,paper
1,6604,metal
1,6605,plastic
1,6606,cardboard
1,6607,metal
1,6608,cardboard
1,6609,plastic
1,6610,metal
1,6611,trash
1,6612,glass
1,6613,plastic
1,6614,metal
1,6615,glass
1,6616,cardboard
1,6617,paper
1,6618,plastic
1,6619,paper
1,6620,paper
1,6621,paper
1,6622,cardboard
1,6623,metal
1,6624,metal
1,6625,paper
1,6626,trash
1,6627,plastic
1,6628,plastic
1,6629,metal
1,6630,plastic
1,6631,paper
1,6632,plastic
1,6633,cardboard
1,6634,glass
1,6635,metal
1,6636,trash
1,6637,paper
1,6638,trash
1,6639,metal
1,6640,metal
1,6641,trash
1,6642,plastic
1,6643,trash
1,6644,cardboard
1,6645,paper
1,6646,trash
1,6647,plastic
1,6648,plastic
1,6649,plastic
1,6650,cardboard
1,6651,trash
1,6652,trash
1,6653,cardboard
1,6654,paper
1,6655,trash
1,6656,paper
1,6657,paper
1,6658,glass
1,6659,glass
1,6660,trash
1,6661,trash
1,6662,paper
1,6663,plastic
1,6664,glass
1,6665,trash
1,6666,metal
1,6667,trash
1,6668,trash
1,6669,metal
1,6670,glass
1,6671,glass
1,6672,paper
1,6673,plastic
1,6674,metal
1,6675,glass
1,6676,glass
1,6677,trash
1,6678,plastic
1,6679,paper
1,6680,cardboard
1,6681,paper
1,6682,glass
1,6683,trash
1,6684,metal
1,6685,trash
1,6686,cardboard
1,6687,paper
1,6688,metal
1,6689,trash
1,6690,plastic
1,6691,paper
1,6692,paper
1,6693,glass
1,6694,trash
1,6695,metal
1,6696,glass
1,6697,trash
1,6698,glass
1,6699,trash
1,6700,cardboard
1,6701,plastic
1,6702,paper
1,6703,metal
1,6704,metal
1,6705,cardboard
1,6706,plastic
1,6707,metal
1,6708,glass
1,6709,glass
1,6710,paper
1,6711,paper
1,6712,glass
1,6713,glass
1,6714,trash
1,6715,plastic
1,6716,plastic
1,6717,glass
1,6718,trash
1,6719,paper
1,6720,plastic
1,6721,metal
1,6722,glass
1,6723,glass
1,6724,metal
1,6725,cardboard
1,6726,plastic
1,6727,plastic
1,6728,trash
1,6729,plastic
1,6730,cardboard
1,6731,paper
1,6732,trash
1,6733,paper
1,6734,plastic
1,6735,cardboard
1,6736,plastic
1,6737,trash
1,6738,paper
1,6739,cardboard
1,6740,metal
1,6741,metal
1,6742,paper
1,6743,plastic
1,6744,trash
1,6745,trash
1,6746,glass
1,6747,plastic
1,6748,glass
1,6749,metal
1,6750,cardboard
1,6751,trash
1,6752,metal
1,6753,plastic
1,6754,plastic
1,6755,metal
1,6756,metal
1,6757,cardboard
1,6758,paper
1,6759,paper
1,6760,paper
1,6761,metal
1,6762,plastic
1,6763,glass
1,6764,plastic
1,6765,metal
1,6766,glass
1,6767,glass
1,6768,plastic
1,6769,trash
1,6770,cardboard
1,6771,plastic
1,6772,glass
1,6773,plastic
1,6774,paper
1,6775,trash
1,6776,trash
1,6777,paper
1,6778,trash
1,6779,trash
1,6780,metal
1,6781,paper
1,6782,cardboard
1,6783,trash
1,6784,trash
1,6785,glass
1,6786,cardboard
1,6787,plastic
1,6788,glass
1,6789,cardboard
1,6790,cardboard
1,6791,paper
1,6792,glass
1,6793,glass
1,6794,cardboard
1,6795,paper
1,6796,glass
1,6797,cardboard
1,6798,paper
1,6799,trash
1,6800,glass
1,6801,cardboard
1,6802,paper
1,6803,metal
1,6804,trash
1,6805,paper
1,6806,plastic
1,6807,plastic
1,6808,trash
1,6809,metal
1,6810,glass
1,6811,metal
1,6812,trash
1,6813,metal
1,6814,glass
1,6815,plastic
1,6816,glass
1,6817,cardboard
1,6818,glass
1,6819,plastic
1,6820,paper
1,6821,metal
1,6822,trash
1,6823,plastic
1,6824,plastic
1,6825,plastic
1,6826,plastic
1,6827,plastic
1,6828,trash
1,6829,glass
1,6830,trash
1,6831,trash
1,6832,trash
1,6833,trash
1,6834,paper
1,6835,plastic
1,6836,plastic
1,6837,cardboard
1,6838,glass
1,6839,plastic
1,6840,plastic
1,6841,metal
1,6842,glass
1,6843,cardboard
1,6844,cardboard
1,6845,plastic
1,6846,glass
1,6847,metal
1,6848,glass
1,6849,glass
1,6850,trash
1,6851,paper
1,6852,metal
1,6853,plastic
1,6854,trash
1,6855,metal
1,6856,plastic
1,6857,plastic
1,6858,cardboard
1,6859,glass
1,6860,paper
1,6861,cardboard
1,6862,trash
1,6863,paper
1,6864,paper
1,6865,paper
1,6866,glass
1,6867,trash
1,6868,paper
1,6869,plastic
1,6870,cardboard
1,6871,cardboard
1,6872,metal
1,6873,paper
1,6874,trash
1,6875,metal
1,6876,metal
1,6877,trash
1,6878,trash
1,6879,metal
1,6880,metal
1,6881,cardboard
1,6882,plastic
1,6883,plastic
1,6884,trash
1,6885,trash
1,6886,metal
1,6887,cardboard
1,6888,trash
1,6889,paper
1,6890,glass
1,6891,paper
1,6892,cardboard
1,6893,cardboard
1,6894,trash
1,6895,glass
1,6896,glass
1,6897,glass
1,6898,trash
1,6899,plastic
1,6900,cardboard
1,6901,cardboard
1,6902,plastic
1,6903,trash
1,6904,metal
1,6905,plastic
1,6906,metal
1,6907,trash
1,6908,paper
1,6909,metal
1,6910,plastic
1,6911,metal
1,6912,cardboard
1,6913,trash
1,6914,paper
1,6915,cardboard
1,6916,metal
1,6917,plastic
1,6918,trash
1,6919,paper
1,6920,metal
1,6921,glass
1,6922,plastic
1,6923,metal
1,6924,trash
1,6925,glass
1,6926,trash
1,6927,metal
1,6928,cardboard
1,6929,trash
1,6930,paper
1,6931,paper
1,6932,glass
1,6933,cardboard
1,6934,paper
1,6935,glass
1,6936,glass
1,6937,cardboard
1,6938,paper
1,6939,paper
1,6940,trash
1,6941,trash
1,6942,glass
1,6943,cardboard
1,6944,metal
1,6945,metal
1,6946,plastic
1,6947,glass
1,6948,glass
1,6949,trash
1,6950,cardboard
1,6951,metal
1,6952,plastic
1,6953,plastic
1,6954,metal
1,6955,glass
1,6956,trash
1,6957,cardboard
1,6958,trash
1,6959,cardboard
1,6960,plastic
1,6961,metal
1,6962,plastic
1,6963,metal
1,6964,paper
1,6965,glass
1,6966,paper
1,6967,metal
1,6968,metal
1,6969,trash
1,6970,trash
1,6971,metal
1,6972,cardboard
1,6973,paper
1,6974,metal
1,6975,trash
1,6976,metal
1,6977,metal
1,6978,paper
1,6979,cardboard
1,6980,cardboard
1,6981,cardboard
1,6982,trash
1,6983,plastic
1,6984,glass
1,6985,cardboard
1,6986,trash
1,6987,glass
1,6988,metal
1,6989,plastic
1,6990,plastic
1,6991,paper
1,6992,metal
1,6993,plastic
1,6994,cardboard
1,6995,plastic
1,6996,paper
1,6997,paper
1,6998,cardboard
1,6999,trash
1,7000,glass
1,7001,metal
1,7002,paper
1,7003,glass
1,7004,glass
1,7005,metal
1,7006,trash
1,7007,cardboard
1,7008,plastic
1,7009,trash
1,7010,glass
1,7011,trash
1,7012,metal
1,7013,glass
1,7014,cardboard
1,7015,metal
1,7016,metal
1,7017,cardboard
1,7018,cardboard
1,7019,trash
1,7020,paper
1,7021,cardboard
1,7022,trash
1,7023,paper
1,7024,metal
1,7025,plastic
1,7026,glass
1,7027,plastic
1,7028,cardboard
1,7029,paper
1,7030,metal
1,7031,trash
1,7032,trash
1,7033,cardboard
1,7034,trash
1,7035,glass
1,7036,plastic
1,7037,plastic
1,7038,trash
1,7039,trash
1,7040,paper
1,7041,metal
1,7042,glass
1,7043,glass
1,7044,cardboard
1,7045,glass
1,7046,trash
1,7047,glass
1,7048,paper
1,7049,glass
1,7050,metal
1,7051,metal
1,7052,trash
1,7053,trash
1,7054,metal
1,7055,trash
1,7056,trash
1,7057,cardboard
1,7058,paper
1,7059,paper
1,7060,glass
1,7061,cardboard
1,7062,paper
1,7063,trash
1,7064,cardboard
1,7065,trash
1,7066,metal
1,7067,plastic
1,7068,trash
1,7069,trash
1,7070,trash
1,7071,paper
1,7072,glass
1,7073,metal
1,7074,metal
1,7075,trash
1,7076,trash
1,7077,glass
1,7078,plastic
1,7079,metal
1,7080,paper
1,7081,metal
1,7082,cardboard
1,7083,plastic
1,7084,metal
1,7085,metal
1,7086,cardboard
1,7087,paper
1,7088,trash
1,7089,plastic
1,7090,trash
1,7091,paper
1,7092,glass
1,7093,glass
1,7094,paper
1,7095,cardboard
1,7096,metal
1,7097,cardboard
1,7098,cardboard
1,7099,glass
1,7100,cardboard
1,7101,trash
1,7102,metal
1,7103,trash
1,7104,plastic
1,7105,metal
1,7106,plastic
1,7107,trash
1,7108,metal
1,7109,trash
1,7110,plastic
1,7111,paper
1,7112,plastic
1,7113,cardboard
1,7114,plastic
1,7115,paper
1,7116,trash
1,7117,plastic
1,7118,plastic
1,7119,trash
1,7120,glass
1,7121,metal
1,7122,metal
1,7123,paper
1,7124,plastic
1,7125,metal
1,7126,plastic
1,7127,glass
1,7128,plastic
1,7129,paper
1,7130,metal
1,7131,trash
1,7132,plastic
1,7133,paper
1,7134,metal
1,7135,plastic
1,7136,paper
1,7137,plastic
1,7138,plastic
1,7139,cardboard
1,7140,cardboard
1,7141,plastic
1,7142,plastic
1,7143,glass
1,7144,cardboard
1,7145,glass
1,7146,trash
1,7147,plastic
1,7148,metal
1,7149,glass
1,7150,glass
1,7151,trash
1,7152,metal
1,7153,metal
1,7154,trash
1,7155,cardboard
1,7156,trash
1,7157,trash
1,7158,paper
1,7159,glass
1,7160,metal
1,7161,cardboard
1,7162,plastic
1,7163,trash
1,7164,cardboard
1,7165,cardboard
1,7166,trash
1,7167,glass
1,7168,trash
1,7169,trash
1,7170,metal
1,7171,trash
1,7172,paper
1,7173,cardboard
1,7174,plastic
1,7175,trash
1,7176,glass
1,7177,paper
1,7178,trash
1,7179,trash
1,7180,paper
1,7181,trash
1,7182,glass
1,7183,paper
1,7184,plastic
1,7185,paper
1,7186,cardboard
1,7187,trash
1,7188,paper
1,7189,plastic
1,7190,glass
1,7191,glass
1,7192,plastic
1,7193,trash
1,7194,paper
1,7195,metal
1,7196,cardboard
1,7197,cardboard
1,7198,trash
1,7199,metal
1,7200,trash
1,7201,glass
1,7202,trash
1,7203,glass
1,7204,cardboard
1,7205,paper
1,7206,trash
1,7207,cardboard
1,7208,cardboard
1,7209,trash
1,7210,trash
1,7211,plastic
1,7212,glass
1,7213,plastic
1,7214,trash
1,7215,plastic
1,7216,plastic
1,7217,glass
1,7218,cardboard
1,7219,trash
1,7220,cardboard
1,7221,plastic
1,7222,paper
1,7223,plastic
1,7224,paper
1,7225,plastic
1,7226,glass
1,7227,glass
1,7228,glass
1,7229,cardboard
1,7230,paper
1,7231,trash
1,7232,glass
1,7233,metal
1,7234,trash
1,7235,plastic
1,7236,plastic
1,7237,glass
1,7238,paper
1,7239,glass
1,7240,trash
1,7241,trash
1,7242,metal
1,7243,cardboard
1,7244,glass
1,7245,glass
1,7246,plastic
1,7247,plastic
1,7248,plastic
1,7249,glass
1,7250,cardboard
1,7251,cardboard
1,7252,trash
1,7253,trash
1,7254,glass
1,7255,trash
1,7256,glass
1,7257,plastic
1,7258,plastic
1,7259,plastic
1,7260,glass
1,7261,plastic
1,7262,paper
1,7263,glass
1,7264,paper
1,7265,cardboard
1,7266,glass
1,7267,cardboard
1,7268,glass
1,7269,cardboard
1,7270,cardboard
1,7271,trash
1,7272,glass
1,7273,trash
1,7274,glass
1,7275,cardboard
1,7276,plastic
1,7277,metal
1,7278,glass
1,7279,cardboard
1,7280,glass
1,7281,trash
1,7282,plastic
1,7283,cardboard
1,7284,glass
1,7285,trash
1,7286,cardboard
1,7287,trash
1,7288,plastic
1,7289,glass
1,7290,metal
1,7291,plastic
1,7292,plastic
1,7293,paper
1,7294,plastic
1,7295,trash
1,7296,cardboard
1,7297,cardboard
1,7298,paper
1,7299,glass
1,7300,cardboard
1,7301,metal
1,7302,plastic
1,7303,glass
1,7304,metal
1,7305,plastic
1,7306,glass
1,7307,glass
1,7308,plastic
1,7309,metal
1,7310,paper
1,7311,metal
1,7312,metal
1,7313,paper
1,7314,trash
1,7315,trash
1,7316,glass
1,7317,glass
1,7318,trash
1,7319,metal
1,7320,glass
1,7321,glass
1,7322,cardboard
1,7323,glass
1,7324,cardboard
1,7325,trash
1,7326,paper
1,7327,cardboard
1,7328,glass
1,7329,paper
1,7330,paper
1,7331,trash
1,7332,paper
1,7333,trash
1,7334,paper
1,7335,trash
1,7336,trash
1,7337,glass
1,7338,trash
1,7339,glass
1,7340,glass
1,7341,trash
1,7342,metal
1,7343,glass
1,7344,metal
1,7345,metal
1,7346,cardboard
1,7347,metal
1,7348,cardboard
1,7349,metal
1,7350,paper
1,7351,plastic
1,7352,plastic
1,7353,cardboard
1,7354,glass
1,7355,glass
1,7356,trash
1,7357,trash
1,7358,plastic
1,7359,plastic
1,7360,trash
1,7361,paper
1,7362,plastic
1,7363,metal
1,7364,trash
1,7365,paper
1,7366,glass
1,7367,glass
1,7368,paper
1,7369,trash
1,7370,glass
1,7371,plastic
1,7372,glass
1,7373,glass
1,7374,cardboard
1,7375,trash
1,7376,cardboard
1,7377,glass
1,7378,cardboard
1,7379,glass
1,7380,plastic
1,7381,plastic
1,7382,trash
1,7383,metal
1,7384,metal
1,7385,trash
1,7386,paper
1,7387,paper
1,7388,plastic
1,7389,paper
1,7390,paper
1,7391,glass
1,7392,trash
1,7393,glass
1,7394,glass
1,7395,paper
1,7396,trash
1,7397,trash
1,7398,cardboard
1,7399,glass
1,7400,metal
1,7401,metal
1,7402,cardboard
1,7403,paper
1,7404,plastic
1,7405,paper
1,7406,metal
1,7407,cardboard
1,7408,glass
1,7409,glass
1,7410,cardboard
1,7411,paper
1,7412,trash
1,7413,glass
1,7414,paper
1,7415,metal
1,7416,cardboard
1,7417,trash
1,7418,cardboard
1,7419,glass
1,7420,paper
1,7421,paper
1,7422,cardboard
1,7423,cardboard
1,7424,plastic
1,7425,metal
1,7426,paper
1,7427,trash
1,7428,paper
1,7429,plastic
1,7430,plastic
1,7431,plastic
1,7432,metal
1,7433,cardboard
1,7434,cardboard
1,7435,plastic
1,7436,plastic
1,7437,trash
1,7438,paper
1,7439,paper
1,7440,metal
1,7441,trash
1,7442,glass
1,7443,trash
1,7444,paper
1,7445,cardboard
1,7446,cardboard
1,7447,plastic
1,7448,cardboard
1,7449,trash
1,7450,glass
1,7451,plastic
1,7452,glass
1,7453,metal
1,7454,glass
1,7455,cardboard
1,7456,plastic
1,7457,plastic
1,7458,paper
1,7459,cardboard
1,7460,plastic
1,7461,trash
1,7462,glass
1,7463,plastic
1,7464,trash
1,7465,trash
1,7466,glass
1,7467,paper
1,7468,paper
1,7469,trash
1,7470,glass
1,7471,paper
1,7472,cardboard
1,7473,plastic
1,7474,plastic
1,7475,paper
1,7476,cardboard
1,7477,paper
1,7478,metal
1,7479,paper
1,7480,trash
1,7481,paper
1,7482,plastic
1,7483,paper
1,7484,metal
1,7485,metal
1,7486,glass
1,7487,plastic
1,7488,trash
1,7489,metal
1,7490,metal
1,7491,metal
1,7492,paper
1,7493,cardboard
1,7494,plastic
1,7495,plastic
1,7496,glass
1,7497,paper
1,7498,plastic
1,7499,trash
1,7500,metal
1,7501,metal
1,7502,trash
1,7503,glass
1,7504,metal
1,7505,trash
1,7506,glass
1,7507,trash
1,7508,trash
1,7509,paper
1,7510,glass
1,7511,cardboard
1,7512,paper
1,7513,plastic
1,7514,plastic
1,7515,paper
1,7516,paper
1,7517,metal
1,7518,cardboard
1,7519,plastic
1,7520,glass
1,7521,metal
1,7522,plastic
1,7523,paper
1,7524,plastic
1,7525,plastic
1,7526,plastic
1,7527,cardboard
1,7528,cardboard
1,7529,cardboard
1,7530,paper
1,7531,cardboard
1,7532,metal
1,7533,paper
1,7534,metal
1,7535,trash
1,7536,cardboard
1,7537,glass
1,7538,plastic
1,7539,plastic
1,7540,cardboard
1,7541,metal
1,7542,cardboard
1,7543,paper
1,7544,plastic
1,7545,cardboard
1,7546,metal
1,7547,cardboard
1,7548,paper
1,7549,plastic
1,7550,glass
1,7551,trash
1,7552,cardboard
1,7553,glass
1,7554,cardboard
1,7555,metal
1,7556,trash
1,7557,glass
1,7558,metal
1,7559,trash
1,7560,plastic
1,7561,metal
1,7562,metal
1,7563,trash
1,7564,paper
1,7565,glass
1,7566,paper
1,7567,plastic
1,7568,cardboard
1,7569,cardboard
1,7570,glass
1,7571,trash
1,7572,cardboard
1,7573,metal
1,7574,cardboard
1,7575,cardboard
1,7576,glass
1,7577,paper
1,7578,trash
1,7579,paper
1,7580,trash
1,7581,paper
1,7582,glass
1,7583,metal
1,7584,trash
1,7585,metal
1,7586,cardboard
1,7587,plastic
1,7588,cardboard
1,7589,trash
1,7590,trash
1,7591,trash
1,7592,glass
1,7593,trash
1,7594,glass
1,7595,metal
1,7596,glass
1,7597,paper
1,7598,cardboard
1,7599,paper
1,7600,paper
1,7601,cardboard
1,7602,cardboard
1,7603,trash
1,7604,plastic
1,7605,paper
1,7606,metal
1,7607,paper
1,7608,trash
1,7609,cardboard
1,7610,trash
1,7611,paper
1,7612,glass
1,7613,plastic
1,7614,plastic
1,7615,metal
1,7616,cardboard
1,7617,paper
1,7618,paper
1,7619,plastic
1,7620,paper
1,7621,plastic
1,7622,trash
1,7623,paper
1,7624,trash
1,7625,trash
1,7626,paper
1,7627,glass
1,7628,glass
1,7629,paper
1,7630,glass
1,7631,cardboard
1,7632,trash
1,7633,trash
1,7634,paper
1,7635,paper
1,7636,glass
1,7637,glass
1,7638,metal
1,7639,glass
1,7640,trash
1,7641,trash
1,7642,paper
1,7643,cardboard
1,7644,paper
1,7645,glass
1,7646,trash
1,7647,trash
1,7648,metal
1,7649,cardboard
1,7650,cardboard
1,7651,plastic
1,7652,trash
1,7653,metal
1,7654,paper
1,7655,cardboard
1,7656,glass
1,7657,trash
1,7658,paper
1,7659,plastic
1,7660,trash
1,7661,plastic
1,7662,metal
1,7663,metal
1,7664,cardboard
1,7665,paper
1,7666,cardboard
1,7667,glass
1,7668,paper
1,7669,glass
1,7670,trash
1,7671,cardboard
1,7672,glass
1,7673,metal
1,7674,paper
1,7675,trash
1,7676,paper
1,7677,metal
1,7678,glass
1,7679,glass
1,7680,glass
1,7681,plastic
1,7682,cardboard
1,7683,trash
1,7684,cardboard
1,7685,trash
1,7686,metal
1,7687,cardboard
1,7688,glass
1,7689,metal
1,7690,glass
1,7691,plastic
1,7692,paper
1,7693,trash
1,7694,cardboard
1,7695,paper
1,7696,trash
1,7697,glass
1,7698,glass
1,7699,trash
1,7700,metal
1,7701,glass
1,7702,cardboard
1,7703,plastic
1,7704,paper
1,7705,plastic
1,7706,paper
1,7707,cardboard
1,7708,cardboard
1,7709,cardboard
1,7710,glass
1,7711,metal
1,7712,glass
1,7713,paper
1,7714,cardboard
1,7715,glass
1,7716,plastic
1,7717,plastic
1,7718,paper
1,7719,metal
1,7720,plastic
1,7721,glass
1,7722,glass
1,7723,glass
1,7724,plastic
1,7725,plastic
1,7726,metal
1,7727,plastic
1,7728,cardboard
1,7729,glass
1,7730,glass
1,7731,trash
1,7732,trash
1,7733,trash
1,7734,plastic
1,7735,plastic
1,7736,metal
1,7737,trash
1,7738,metal
1,7739,metal
1,7740,trash
1,7741,glass
1,7742,glass
1,7743,glass
1,7744,cardboard
1,7745,trash
1,7746,trash
1,7747,paper
1,7748,glass
1,7749,cardboard
1,7750,paper
1,7751,trash
1,7752,metal
1,7753,glass
1,7754,paper
1,7755,paper
1,7756,metal
1,7757,plastic
1,7758,paper
1,7759,plastic
1,7760,cardboard
1,7761,metal
1,7762,plastic
1,7763,trash
1,7764,plastic
1,7765,plastic
1,7766,trash
1,7767,glass
1,7768,paper
1,7769,cardboard
1,7770,cardboard
1,7771,paper
1,7772,cardboard
1,7773,paper
1,7774,trash
1,7775,glass
1,7776,trash
1,7777,cardboard
1,7778,glass
1,7779,glass
1,7780,plastic
1,7781,trash
1,7782,cardboard
1,7783,metal
1,7784,metal
1,7785,glass
1,7786,cardboard
1,7787,glass
1,7788,metal
1,7789,glass
1,7790,paper
1,7791,cardboard
1,7792,trash
1,7793,metal
1,7794,plastic
1,7795,plastic
1,7796,glass
1,7797,plastic
1,7798,paper
1,7799,trash
1,7800,glass
1,7801,plastic
1,7802,cardboard
1,7803,metal
1,7804,paper
1,7805,trash
1,7806,glass
1,7807,cardboard
1,7808,plastic
1,7809,paper
1,7810,cardboard
1,7811,cardboard
1,7812,plastic
1,7813,glass
1,7814,paper
1,7815,glass
1,7816,metal
1,7817,metal
1,7818,glass
1,7819,glass
1,7820,cardboard
1,7821,paper
1,7822,plastic
1,7823,paper
1,7824,paper
1,7825,metal
1,7826,glass
1,7827,paper
1,7828,plastic
1,7829,cardboard
1,7830,cardboard
1,7831,paper
1,7832,paper
1,7833,metal
1,7834,trash
1,7835,paper
1,7836,trash
1,7837,plastic
1,7838,glass
1,7839,glass
1,7840,plastic
1,7841,glass
1,7842,cardboard
1,7843,trash
1,7844,plastic
1,7845,metal
1,7846,glass
1,7847,paper
1,7848,paper
1,7849,plastic
1,7850,plastic
1,7851,plastic
1,7852,glass
1,7853,cardboard
1,7854,metal
1,7855,trash
1,7856,paper
1,7857,paper
1,7858,glass
1,7859,plastic
1,7860,trash
1,7861,metal
1,7862,metal
1,7863,plastic
1,7864,glass
1,7865,paper
1,7866,cardboard
1,7867,cardboard
1,7868,trash
1,7869,plastic
1,7870,metal
1,7871,metal
1,7872,glass
1,7873,cardboard
1,7874,metal
1,7875,cardboard
1,7876,cardboard
1,7877,trash
1,7878,trash
1,7879,trash
1,7880,cardboard
1,7881,trash
1,7882,trash
1,7883,glass
1,7884,glass
1,7885,glass
1,7886,glass
1,7887,plastic
1,7888,glass
1,7889,metal
1,7890,glass
1,7891,cardboard
1,7892,plastic
1,7893,paper
1,7894,cardboard
1,7895,cardboard
1,7896,paper
1,7897,trash
1,7898,plastic
1,7899,metal
1,7900,trash
1,7901,plastic
1,7902,plastic
1,7903,glass
1,7904,trash
1,7905,paper
1,7906,plastic
1,7907,plastic
1,7908,trash
1,7909,plastic
1,7910,cardboard
1,7911,paper
1,7912,metal
1,7913,plastic
1,7914,glass
1,7915,cardboard
1,7916,cardboard
1,7917,glass
1,7918,metal
1,7919,trash
1,7920,cardboard
1,7921,metal
1,7922,glass
1,7923,glass
1,7924,plastic
1,7925,glass
1,7926,trash
1,7927,cardboard
1,7928,glass
1,7929,metal
1,7930,trash
1,7931,glass
1,7932,paper
1,7933,glass
1,7934,glass
1,7935,trash
1,7936,glass
1,7937,cardboard
1,7938,trash
1,7939,metal
1,7940,glass
1,7941,plastic
1,7942,cardboard
1,7943,metal
1,7944,trash
1,7945,glass
1,7946,cardboard
1,7947,paper
1,7948,glass
1,7949,paper
1,7950,paper
1,7951,paper
1,7952,glass
1,7953,glass
1,7954,plastic
1,7955,plastic
1,7956,trash
1,7957,glass
1,7958,trash
1,7959,trash
1,7960,glass
1,7961,metal
1,7962,paper
1,7963,metal
1,7964,plastic
1,7965,paper
1,7966,plastic
1,7967,cardboard
1,7968,trash
1,7969,glass
1,7970,glass
1,7971,trash
1,7972,plastic
1,7973,plastic
1,7974,cardboard
1,7975,metal
1,7976,plastic
1,7977,glass
1,7978,metal
1,7979,glass
1,7980,glass
1,7981,paper
1,7982,cardboard
1,7983,glass
1,7984,plastic
1,7985,metal
1,7986,glass
1,7987,glass
1,7988,cardboard
1,7989,paper
1,7990,metal
1,7991,plastic
1,7992,plastic
1,7993,paper
1,7994,cardboard
1,7995,cardboard
1,7996,plastic
1,7997,metal
1,7998,cardboard
1,7999,glass
1,8000,paper
1,8001,glass
1,8002,plastic
1,8003,trash
1,8004,plastic
1,8005,cardboard
1,8006,paper
1,8007,glass
1,8008,paper
1,8009,trash
1,8010,cardboard
1,8011,trash
1,8012,paper
1,8013,trash
1,8014,paper
1,8015,glass
1,8016,plastic
1,8017,glass
1,8018,trash
1,8019,cardboard
1,8020,glass
1,8021,paper
1,8022,cardboard
1,8023,plastic
1,8024,paper
1,8025,trash
1,8026,trash
1,8027,cardboard
1,8028,trash
1,8029,trash
1,8030,plastic
1,8031,plastic
1,8032,metal
1,8033,paper
1,8034,glass
1,8035,cardboard
1,8036,glass
1,8037,glass
1,8038,paper
1,8039,cardboard
1,8040,plastic
1,8041,glass
1,8042,glass
1,8043,trash
1,8044,metal
1,8045,glass
1,8046,paper
1,8047,glass
1,8048,glass
1,8049,metal
1,8050,glass
1,8051,plastic
1,8052,metal
1,8053,metal
1,8054,paper
1,8055,paper
1,8056,glass
1,8057,trash
1,8058,glass
1,8059,trash
1,8060,paper
1,8061,metal
1,8062,metal
1,8063,trash
1,8064,plastic
1,8065,glass
1,8066,paper
1,8067,paper
1,8068,paper
1,8069,metal
1,8070,paper
1,8071,glass
1,8072,metal
1,8073,cardboard
1,8074,metal
1,8075,plastic
1,8076,glass
1,8077,metal
1,8078,paper
1,8079,paper
1,8080,cardboard
1,8081,paper
1,8082,trash
1,8083,plastic
1,8084,metal
1,8085,metal
1,8086,paper
1,8087,metal
1,8088,cardboard
1,8089,metal
1,8090,trash
1,8091,metal
1,8092,glass
1,8093,trash
1,8094,plastic
1,8095,cardboard
1,8096,cardboard
1,8097,glass
1,8098,paper
1,8099,trash
1,8100,plastic
1,8101,trash
1,8102,glass
1,8103,metal
1,8104,glass
1,8105,glass
1,8106,paper
1,8107,glass
1,8108,plastic
1,8109,glass
1,8110,metal
1,8111,trash
1,8112,paper
1,8113,metal
1,8114,metal
1,8115,trash
1,8116,paper
1,8117,paper
1,8118,glass
1,8119,glass
1,8120,glass
1,8121,trash
1,8122,paper
1,8123,paper
1,8124,glass
1,8125,plastic
1,8126,metal
1,8127,trash
1,8128,glass
1,8129,trash
1,8130,paper
1,8131,trash
1,8132,plastic
1,8133,metal
1,8134,trash
1,8135,paper
1,8136,plastic
1,8137,trash
1,8138,metal
1,8139,paper
1,8140,paper
1,8141,paper
1,8142,cardboard
1,8143,glass
1,8144,paper
1,8145,cardboard
1,8146,plastic
1,8147,plastic
1,8148,trash
1,8149,paper
1,8150,cardboard
1,8151,plastic
1,8152,cardboard
1,8153,metal
1,8154,glass
1,8155,plastic
1,8156,plastic
1,8157,glass
1,8158,trash
1,8159,plastic
1,8160,cardboard
1,8161,glass
1,8162,metal
1,8163,trash
1,8164,paper
1,8165,glass
1,8166,paper
1,8167,paper
1,8168,cardboard
1,8169,trash
1,8170,paper
1,8171,metal
1,8172,metal
1,8173,cardboard
1,8174,trash
1,8175,trash
1,8176,cardboard
1,8177,trash
1,8178,plastic
1,8179,trash
1,8180,cardboard
1,8181,plastic
1,8182,glass
1,8183,plastic
1,8184,plastic
1,8185,trash
1,8186,metal
1,8187,plastic
1,8188,trash
1,8189,trash
1,8190,trash
1,8191,trash
1,8192,metal
1,8193,paper
1,8194,paper
1,8195,cardboard
1,8196,plastic
1,8197,trash
1,8198,paper
1,8199,cardboard
1,8200,plastic
1,8201,paper
1,8202,trash
1,8203,trash
1,8204,paper
1,8205,cardboard
1,8206,trash
1,8207,glass
1,8208,trash
1,8209,paper
1,8210,plastic
1,8211,cardboard
1,8212,cardboard
1,8213,cardboard
1,8214,glass
1,8215,cardboard
1,8216,trash
1,8217,plastic
1,8218,cardboard
1,8219,paper
1,8220,trash
1,8221,trash
1,8222,metal
1,8223,paper
1,8224,plastic
1,8225,cardboard
1,8226,metal
1,8227,cardboard
1,8228,metal
1,8229,paper
1,8230,metal
1,8231,paper
1,8232,paper
1,8233,trash
1,8234,paper
1,8235,glass
1,8236,metal
1,8237,cardboard
1,8238,glass
1,8239,plastic
1,8240,paper
1,8241,trash
1,8242,trash
1,8243,cardboard
1,8244,plastic
1,8245,cardboard
1,8246,trash
1,8247,paper
1,8248,paper
1,8249,plastic
1,8250,cardboard
1,8251,cardboard
1,8252,glass
1,8253,cardboard
1,8254,trash
1,8255,plastic
1,8256,plastic
1,8257,plastic
1,8258,trash
1,8259,glass
1,8260,metal
1,8261,glass
1,8262,plastic
1,8263,trash
1,8264,metal
1,8265,trash
1,8266,plastic
1,8267,metal
1,8268,trash
1,8269,trash
1,8270,paper
1,8271,paper
1,8272,plastic
1,8273,paper
1,8274,paper
1,8275,glass
1,8276,glass
1,8277,metal
1,8278,metal
1,8279,cardboard
1,8280,cardboard
1,8281,trash
1,8282,cardboard
1,8283,trash
1,8284,trash
1,8285,plastic
1,8286,glass
1,8287,paper
1,8288,plastic
1,8289,paper
1,8290,trash
1,8291,cardboard
1,8292,glass
1,8293,trash
1,8294,glass
1,8295,plastic
1,8296,plastic
1,8297,plastic
1,8298,paper
1,8299,trash
1,8300,trash
1,8301,metal
1,8302,metal
1,8303,paper
1,8304,paper
1,8305,glass
1,8306,glass
1,8307,paper
1,8308,metal
1,8309,plastic
1,8310,cardboard
1,8311,trash
1,8312,paper
1,8313,metal
1,8314,plastic
1,8315,trash
1,8316,paper
1,8317,metal
1,8318,paper
1,8319,cardboard
1,8320,cardboard
1,8321,trash
1,8322,plastic
1,8323,glass
1,8324,plastic
1,8325,cardboard
1,8326,paper
1,8327,paper
1,8328,trash
1,8329,plastic
1,8330,plastic
1,8331,trash
1,8332,trash
1,8333,cardboard
1,8334,glass
1,8335,paper
1,8336,cardboard
1,8337,cardboard
1,8338,plastic
1,8339,metal
1,8340,trash
1,8341,paper
1,8342,plastic
1,8343,cardboard
1,8344,cardboard
1,8345,plastic
1,8346,trash
1,8347,paper
1,8348,metal
1,8349,plastic
1,8350,cardboard
1,8351,trash
1,8352,paper
1,8353,glass
1,8354,cardboard
1,8355,plastic
1,8356,paper
1,8357,metal
1,8358,trash
1,8359,trash
1,8360,glass
1,8361,paper
1,8362,paper
1,8363,glass
1,8364,plastic
1,8365,paper
1,8366,paper
1,8367,trash
1,8368,paper
1,8369,trash
1,8370,metal
1,8371,paper
1,8372,paper
1,8373,glass
1,8374,paper
1,8375,plastic
1,8376,glass
1,8377,glass
1,8378,metal
1,8379,plastic
1,8380,metal
1,8381,paper
1,8382,cardboard
1,8383,glass
1,8384,metal
1,8385,paper
1,8386,cardboard
1,8387,trash
1,8388,trash
1,8389,glass
1,8390,trash
1,8391,trash
1,8392,cardboard
1,8393,cardboard
1,8394,metal
1,8395,cardboard
1,8396,paper
1,8397,paper
1,8398,glass
1,8399,paper
1,8400,cardboard
1,8401,plastic
1,8402,paper
1,8403,trash
1,8404,glass
1,8405,plastic
1,8406,trash
1,8407,cardboard
1,8408,metal
1,8409,trash
1,8410,paper
1,8411,glass
1,8412,glass
1,8413,trash
1,8414,trash
1,8415,trash
1,8416,cardboard
1,8417,trash
1,8418,cardboard
1,8419,glass
1,8420,plastic
1,8421,cardboard
1,8422,metal
1,8423,trash
1,8424,trash
1,8425,metal
1,8426,metal
1,8427,paper
1,8428,paper
1,8429,plastic
1,8430,trash
1,8431,glass
1,8432,cardboard
1,8433,metal
1,8434,glass
1,8435,trash
1,8436,glass
1,8437,metal
1,8438,cardboard
1,8439,trash
1,8440,paper
1,8441,paper
1,8442,cardboard
1,8443,glass
1,8444,plastic
1,8445,trash
1,8446,paper
1,8447,trash
1,8448,metal
1,8449,trash
1,8450,glass
1,8451,cardboard
1,8452,metal
1,8453,metal
1,8454,metal
1,8455,plastic
1,8456,metal
1,8457,paper
1,8458,glass
1,8459,paper
1,8460,paper
1,8461,plastic
1,8462,plastic
1,8463,trash
1,8464,paper
1,8465,glass
1,8466,plastic
1,8467,trash
1,8468,metal
1,8469,metal
1,8470,paper
1,8471,plastic
1,8472,metal
1,8473,metal
1,8474,trash
1,8475,paper
1,8476,glass
1,8477,plastic
1,8478,trash
1,8479,cardboard
1,8480,trash
1,8481,metal
1,8482,plastic
1,8483,trash
1,8484,trash
1,8485,plastic
1,8486,paper
1,8487,metal
1,8488,plastic
1,8489,plastic
1,8490,paper
1,8491,metal
1,8492,trash
1,8493,cardboard
1,8494,glass
1,8495,plastic
1,8496,trash
1,8497,trash
1,8498,paper
1,8499,glass
1,8500,glass
1,8501,glass
1,8502,plastic
1,8503,glass
1,8504,metal
1,8505,metal
1,8506,trash
1,8507,cardboard
1,8508,glass
1,8509,plastic
1,8510,cardboard
1,8511,paper
1,8512,glass
1,8513,trash
1,8514,glass
1,8515,trash
1,8516,trash
1,8517,glass
1,8518,glass
1,8519,metal
1,8520,trash
1,8521,trash
1,8522,trash
1,8523,plastic
1,8524,plastic
1,8525,glass
1,8526,metal
1,8527,trash
1,8528,paper
1,8529,paper
1,8530,trash
1,8531,glass
1,8532,glass
1,8533,paper
1,8534,metal
1,8535,cardboard
1,8536,trash
1,8537,metal
1,8538,glass
1,8539,trash
1,8540,glass
1,8541,plastic
1,8542,paper
1,8543,cardboard
1,8544,paper
1,8545,trash
1,8546,plastic
1,8547,cardboard
1,8548,cardboard
1,8549,glass
1,8550,plastic
1,8551,cardboard
1,8552,trash
1,8553,metal
1,8554,glass
1,8555,metal
1,8556,plastic
1,8557,glass
1,8558,cardboard
1,8559,plastic
1,8560,metal
1,8561,cardboard
1,8562,trash
1,8563,plastic
1,8564,cardboard
1,8565,glass
1,8566,paper
1,8567,glass
1,8568,paper
1,8569,plastic
1,8570,paper
1,8571,cardboard
1,8572,paper
1,8573,glass
1,8574,cardboard
1,8575,cardboard
1,8576,plastic
1,8577,metal
1,8578,cardboard
1,8579,paper
1,8580,paper
1,8581,trash
1,8582,trash
1,8583,glass
1,8584,cardboard
1,8585,glass
1,8586,glass
1,8587,paper
1,8588,glass
1,8589,cardboard
1,8590,glass
1,8591,metal
1,8592,plastic
1,8593,plastic
1,8594,plastic
1,8595,glass
1,8596,plastic
1,8597,paper
1,8598,plastic
1,8599,plastic
1,8600,plastic
1,8601,paper
1,8602,glass
1,8603,paper
1,8604,glass
1,8605,metal
1,8606,glass
1,8607,cardboard
1,8608,glass
1,8609,glass
1,8610,glass
1,8611,metal
1,8612,cardboard
1,8613,cardboard
1,8614,cardboard
1,8615,trash
1,8616,paper
1,8617,plastic
1,8618,paper
1,8619,plastic
1,8620,trash
1,8621,cardboard
1,8622,paper
1,8623,cardboard
1,8624,glass
1,8625,cardboard
1,8626,glass
1,8627,metal
1,8628,cardboard
1,8629,trash
1,8630,plastic
1,8631,paper
1,8632,paper
1,8633,paper
1,8634,trash
1,8635,metal
1,8636,trash
1,8637,metal
1,8638,paper
1,8639,plastic
1,8640,glass
1,8641,paper
1,8642,glass
1,8643,trash
1,8644,paper
1,8645,metal
1,8646,paper
1,8647,glass
1,8648,paper
1,8649,plastic
1,8650,metal
1,8651,glass
1,8652,glass
1,8653,metal
1,8654,paper
1,8655,cardboard
1,8656,glass
1,8657,plastic
1,8658,plastic
1,8659,plastic
1,8660,trash
1,8661,cardboard
1,8662,paper
1,8663,trash
1,8664,plastic
1,8665,trash
1,8666,metal
1,8667,plastic
1,8668,metal
1,8669,trash
1,8670,plastic
1,8671,glass
1,8672,metal
1,8673,glass
1,8674,glass
1,8675,glass
1,8676,plastic
1,8677,paper
1,8678,glass
1,8679,glass
1,8680,trash
1,8681,paper
1,8682,glass
1,8683,glass
1,8684,glass
1,8685,paper
1,8686,glass
1,8687,trash
1,8688,metal
1,8689,metal
1,8690,trash
1,8691,plastic
1,8692,glass
1,8693,trash
1,8694,paper
1,8695,trash
1,8696,plastic
1,8697,plastic
1,8698,plastic
1,8699,cardboard
1,8700,plastic
1,8701,cardboard
1,8702,metal
1,8703,paper
1,8704,metal
1,8705,metal
1,8706,plastic
1,8707,glass
1,8708,trash
1,8709,cardboard
1,8710,metal
1,8711,cardboard
1,8712,cardboard
1,8713,paper
1,8714,paper
1,8715,glass
1,8716,glass
1,8717,trash
1,8718,plastic
1,8719,trash
1,8720,metal
1,8721,plastic
1,8722,glass
1,8723,trash
1,8724,metal
1,8725,plastic
1,8726,glass
1,8727,cardboard
1,8728,metal
1,8729,plastic
1,8730,paper
1,8731,plastic
1,8732,metal
1,8733,cardboard
1,8734,trash
1,8735,cardboard
1,8736,glass
1,8737,paper
1,8738,trash
1,8739,cardboard
1,8740,paper
1,8741,glass
1,8742,paper
1,8743,plastic
1,8744,metal
1,8745,paper
1,8746,cardboard
1,8747,trash
1,8748,plastic
1,8749,plastic
1,8750,plastic
1,8751,plastic
1,8752,trash
1,8753,glass
1,8754,paper
1,8755,trash
1,8756,paper
1,8757,metal
1,8758,plastic
1,8759,glass
1,8760,plastic
1,8761,trash
1,8762,metal
1,8763,plastic
1,8764,metal
1,8765,glass
1,8766,glass
1,8767,plastic
1,8768,metal
1,8769,trash
1,8770,glass
1,8771,plastic
1,8772,paper
1,8773,cardboard
1,8774,trash
1,8775,glass
1,8776,glass
1,8777,plastic
1,8778,trash
1,8779,metal
1,8780,cardboard
1,8781,glass
1,8782,metal
1,8783,cardboard
1,8784,plastic
1,8785,glass
1,8786,plastic
1,8787,cardboard
1,8788,cardboard
1,8789,plastic
1,8790,paper
1,8791,plastic
1,8792,cardboard
1,8793,plastic
1,8794,metal
1,8795,paper
1,8796,trash
1,8797,glass
1,8798,paper
1,8799,paper
1,8800,metal
1,8801,metal
1,8802,glass
1,8803,metal
1,8804,paper
1,8805,metal
1,8806,glass
1,8807,paper
1,8808,trash
1,8809,metal
1,8810,plastic
1,8811,plastic
1,8812,trash
1,8813,paper
1,8814,metal
1,8815,paper
1,8816,plastic
1,8817,glass
1,8818,glass
1,8819,trash
1,8820,glass
1,8821,cardboard
1,8822,glass
1,8823,cardboard
1,8824,paper
1,8825,trash
1,8826,plastic
1,8827,metal
1,8828,glass
1,8829,glass
1,8830,glass
1,8831,glass
1,8832,metal
1,8833,paper
1,8834,paper
1,8835,trash
1,8836,metal
1,8837,trash
1,8838,trash
1,8839,metal
1,8840,trash
1,8841,plastic
1,8842,metal
1,8843,trash
1,8844,cardboard
1,8845,trash
1,8846,trash
1,8847,trash
1,8848,cardboard
1,8849,plastic
1,8850,trash
1,8851,paper
1,8852,metal
1,8853,plastic
1,8854,metal
1,8855,glass
1,8856,metal
1,8857,metal
1,8858,cardboard
1,8859,paper
1,8860,plastic
1,8861,cardboard
1,8862,paper
1,8863,cardboard
1,8864,plastic
1,8865,cardboard
1,8866,paper
1,8867,paper
1,8868,cardboard
1,8869,metal
1,8870,metal
1,8871,trash
1,8872,glass
1,8873,plastic
1,8874,paper
1,8875,metal
1,8876,trash
1,8877,trash
1,8878,paper
1,8879,plastic
1,8880,metal
1,8881,glass
1,8882,cardboard
1,8883,cardboard
1,8884,glass
1,8885,cardboard
1,8886,plastic
1,8887,metal
1,8888,trash
1,8889,paper
1,8890,trash
1,8891,glass
1,8892,cardboard
1,8893,paper
1,8894,plastic
1,8895,plastic
1,8896,plastic
1,8897,glass
1,8898,glass
1,8899,paper
1,8900,paper
1,8901,metal
1,8902,paper
1,8903,metal
1,8904,cardboard
1,8905,plastic
1,8906,metal
1,8907,metal
1,8908,paper
1,8909,glass
1,8910,plastic
1,8911,paper
1,8912,plastic
1,8913,metal
1,8914,glass
1,8915,glass
1,8916,plastic
1,8917,trash
1,8918,glass
1,8919,glass
1,8920,plastic
1,8921,glass
1,8922,metal
1,8923,glass
1,8924,glass
1,8925,paper
1,8926,plastic
1,8927,trash
1,8928,paper
1,8929,cardboard
1,8930,glass
1,8931,cardboard
1,8932,cardboard
1,8933,cardboard
1,8934,plastic
1,8935,plastic
1,8936,trash
1,8937,plastic
1,8938,paper
1,8939,trash
1,8940,paper
1,8941,paper
1,8942,trash
1,8943,glass
1,8944,metal
1,8945,cardboard
1,8946,cardboard
1,8947,metal
1,8948,paper
1,8949,cardboard
1,8950,paper
1,8951,plastic
1,8952,paper
1,8953,trash
1,8954,plastic
1,8955,trash
1,8956,glass
1,8957,paper
1,8958,metal
1,8959,plastic
1,8960,paper
1,8961,cardboard
1,8962,paper
1,8963,trash
1,8964,cardboard
1,8965,glass
1,8966,glass
1,8967,plastic
1,8968,cardboard
1,8969,plastic
1,8970,trash
1,8971,plastic
1,8972,trash
1,8973,metal
1,8974,paper
1,8975,metal
1,8976,cardboard
1,8977,glass
1,8978,cardboard
1,8979,trash
1,8980,metal
1,8981,glass
1,8982,trash
1,8983,glass
1,8984,trash
1,8985,cardboard
1,8986,trash
1,8987,plastic
1,8988,metal
1,8989,trash
1,8990,paper
1,8991,metal
1,8992,paper
1,8993,metal
1,8994,plastic
1,8995,trash
1,8996,plastic
1,8997,paper
1,8998,plastic
1,8999,paper
1,9000,metal
1,9001,glass
1,9002,glass
1,9003,trash
1,9004,plastic
1,9005,trash
1,9006,plastic
1,9007,paper
1,9008,cardboard
1,9009,plastic
1,9010,plastic
1,9011,plastic
1,9012,cardboard
1,9013,metal
1,9014,metal
1,9015,glass
1,9016,metal
1,9017,glass
1,9018,glass
1,9019,metal
1,9020,plastic
1,9021,glass
1,9022,glass
1,9023,paper
1,9024,plastic
1,9025,metal
1,9026,paper
1,9027,plastic
1,9028,glass
1,9029,metal
1,9030,plastic
1,9031,paper
1,9032,paper
1,9033,glass
1,9034,plastic
1,9035,plastic
1,9036,cardboard
1,9037,glass
1,9038,metal
1,9039,glass
1,9040,metal
1,9041,plastic
1,9042,glass
1,9043,glass
1,9044,paper
1,9045,plastic
1,9046,trash
1,9047,paper
1,9048,metal
1,9049,glass
1,9050,plastic
1,9051,paper
1,9052,trash
1,9053,plastic
1,9054,cardboard
1,9055,trash
1,9056,plastic
1,9057,metal
1,9058,paper
1,9059,cardboard
1,9060,trash
1,9061,paper
1,9062,trash
1,9063,plastic
1,9064,cardboard
1,9065,paper
1,9066,plastic
1,9067,glass
1,9068,plastic
1,9069,cardboard
1,9070,trash
1,9071,plastic
1,9072,glass
1,9073,cardboard
1,9074,cardboard
1,9075,metal
1,9076,trash
1,9077,glass
1,9078,plastic
1,9079,metal
1,9080,glass
1,9081,paper
1,9082,trash
1,9083,plastic
1,9084,cardboard
1,9085,cardboard
1,9086,trash
1,9087,glass
1,9088,cardboard
1,9089,trash
1,9090,cardboard
1,9091,glass
1,9092,metal
1,9093,plastic
1,9094,metal
1,9095,cardboard
1,9096,plastic
1,9097,plastic
1,9098,glass
1,9099,plastic
1,9100,paper
1,9101,trash
1,9102,plastic
1,9103,trash
1,9104,metal
1,9105,glass
1,9106,cardboard
1,9107,plastic
1,9108,trash
1,9109,cardboard
1,9110,cardboard
1,9111,cardboard
1,9112,paper
1,9113,trash
1,9114,glass
1,9115,plastic
1,9116,glass
1,9117,glass
1,9118,paper
1,9119,glass
1,9120,cardboard
1,9121,plastic
1,9122,metal
1,9123,cardboard
1,9124,cardboard
1,9125,cardboard
1,9126,cardboard
1,9127,trash
1,9128,cardboard
1,9129,cardboard
1,9130,trash
1,9131,cardboard
1,9132,trash
1,9133,metal
1,9134,glass
1,9135,metal
1,9136,glass
1,9137,trash
1,9138,plastic
1,9139,paper
1,9140,metal
1,9141,cardboard
1,9142,glass
1,9143,plastic
1,9144,cardboard
1,9145,plastic
1,9146,trash
1,9147,trash
1,9148,plastic
1,9149,trash
1,9150,paper
1,9151,trash
1,9152,metal
1,9153,paper
1,9154,glass
1,9155,plastic
1,9156,trash
1,9157,metal
1,9158,glass
1,9159,glass
1,9160,paper
1,9161,paper
1,9162,metal
1,9163,paper
1,9164,cardboard
1,9165,trash
1,9166,paper
1,9167,cardboard
1,9168,trash
1,9169,plastic
1,9170,cardboard
1,9171,cardboard
1,9172,cardboard
1,9173,plastic
1,9174,cardboard
1,9175,cardboard
1,9176,trash
1,9177,glass
1,9178,metal
1,9179,cardboard
1,9180,cardboard
1,9181,glass
1,9182,paper
1,9183,paper
1,9184,glass
1,9185,paper
1,9186,plastic
1,9187,glass
1,9188,paper
1,9189,trash
1,9190,cardboard
1,9191,glass
1,9192,trash
1,9193,trash
1,9194,paper
1,9195,plastic
1,9196,trash
1,9197,glass
1,9198,metal
1,9199,paper
1,9200,plastic
1,9201,cardboard
1,9202,metal
1,9203,metal
1,9204,paper
1,9205,metal
1,9206,glass
1,9207,trash
1,9208,plastic
1,9209,glass
1,9210,plastic
1,9211,metal
1,9212,cardboard
1,9213,glass
1,9214,trash
1,9215,trash
1,9216,trash
1,9217,cardboard
1,9218,cardboard
1,9219,plastic
1,9220,paper
1,9221,glass
1,9222,plastic
1,9223,plastic
1,9224,paper
1,9225,glass
1,9226,plastic
1,9227,paper
1,9228,glass
1,9229,metal
1,9230,metal
1,9231,glass
1,9232,glass
1,9233,trash
1,9234,metal
1,9235,trash
1,9236,metal
1,9237,paper
1,9238,glass
1,9239,paper
1,9240,plastic
1,9241,plastic
1,9242,plastic
1,9243,paper
1,9244,paper
1,9245,paper
1,9246,cardboard
1,9247,plastic
1,9248,glass
1,9249,metal
1,9250,paper
1,9251,plastic
1,9252,metal
1,9253,cardboard
1,9254,trash
1,9255,trash
1,9256,metal
1,9257,trash
1,9258,glass
1,9259,trash
1,9260,metal
1,9261,trash
1,9262,trash
1,9263,trash
1,9264,paper
1,9265,trash
1,9266,cardboard
1,9267,trash
1,9268,metal
1,9269,cardboard
1,9270,plastic
1,9271,cardboard
1,9272,glass
1,9273,metal
1,9274,paper
1,9275,plastic
1,9276,plastic
1,9277,paper
1,9278,glass
1,9279,glass
1,9280,trash
