id,name,make,model,year,price,engine,cylinders,fuel,mileage,transmission,trim,body,doors,exterior_color,interior_color,drivetrain
1,2024 INFINITI QX50 SPORT,INFINITI,QX50,2024,49404,ER,4,Gasoline,7,(CVT) CONT VAR.,SPORT,,4,Radiant White,Monaco Red,Front-wheel Drive
2,2024 Mazda CX-90 PHEV Base,Mazda,CX-90 PHEV,2024,55399,"TIV-G 2.5L I-4 gasoline direct injection, DOHC, variable",4,Gasoline,2,8-Speed Automatic,Base,SUV,4,Soul Red Crystal Metallic,Griege,All-wheel Drive
3,2024 Honda CR-V Hybrid Sport Touring,Honda,CR-V Hybrid,2024,42005,16V GDI DOHC Hybrid,4,Hybrid,1,Automatic CVT,Sport Touring,SUV,4,Radiant Red Metallic,Black,All-wheel Drive
4,2024 Jeep Grand Cherokee L Limited,Jeep,Grand Cherokee L,2024,52567,OHV,6,Gasoline,246,8-Speed Automatic,Limited,SUV,4,Velvet Red Pearlcoat,Global Black,Four-wheel Drive
5,2024 Acura MDX Technology,Acura,MDX,2024,56800,24V GDI SOHC,6,Gasoline,5,10-Speed Automatic,Technology,SUV,4,Gray,,Front-wheel Drive
6,2024 Mercedes-Benz EQS 450 Base 4MATIC,Mercedes-Benz,EQS 450,2024,111245,c,,Electric,10,,Base 4MATIC,Sedan,4,White,Black,All-wheel Drive
7,2023 Ford Mustang Mach-E Premium,Ford,Mustang Mach-E,2023,46540,c,,Electric,6,1-Speed Automatic,Premium,SUV,4,Shadow Black,Black Onyx,All-wheel Drive
8,2024 Kia EV6 Wind,Kia,EV6,2024,43348,c,,Electric,16,Automatic,Wind,SUV,4,Blue,Black,All-wheel Drive
9,2024 Hyundai IONIQ 6 SEL,Hyundai,IONIQ 6,2024,50945,c,,Electric,1,Automatic,SEL,Sedan,4,White,Black,All-wheel Drive
10,2025 Honda CR-V Hybrid Sport Touring,Honda,CR-V Hybrid,2025,42150,,4,Gasoline,1,1-Speed CVT with Overdrive,Sport Touring,SUV,,Canyon,Black,All-wheel Drive
11,2024 BMW X7 M60i,BMW,X7,2024,115445,32V GDI DOHC Twin Turbo,8,Gasoline,447,8-Speed Automatic,M60i,SUV,4,Mineral White Metallic,Black,All-wheel Drive
12,2023 Dodge Durango Pursuit,Dodge,Durango,2023,46835,16V MPFI OHV,8,Gasoline,5,8-Speed Automatic,Pursuit,SUV,4,DB Black Crystal Clearcoat,Black,All-wheel Drive
13,2024 Nissan Kicks SR,Nissan,Kicks,2024,21123,"4 DOHC, CVTCS variable valve control, regular unleaded, e",4,Gasoline,6,CVT with Xtronic,SR,SUV,4,Electric Blue Metallic,Charcoal,Front-wheel Drive
14,2024 GMC Terrain SLE,GMC,Terrain,2024,33092,16V GDI DOHC Turbo,4,Gasoline,0,9-Speed Automatic,SLE,SUV,4,Volcanic Red,Jet Black,All-wheel Drive
15,2024 Cadillac LYRIQ Luxury,Cadillac,LYRIQ,2024,73110,c,,Electric,19,1-Speed Automatic,Luxury,SUV,4,Emerald,Gray,All-wheel Drive
16,2024 Hyundai Santa Cruz 2.5T XRT,Hyundai,Santa Cruz,2024,42064,16V PDI DOHC Turbo,4,Gasoline,1,8-Speed Automatic with Auto-Shift,2.5T XRT,Pickup Truck,4,Phantom Black,Black,All-wheel Drive
17,2024 Chevrolet Silverado 1500 Custom,Chevrolet,Silverado 1500,2024,50565,16V GDI DOHC Turbo,4,Gasoline,0,8-Speed Automatic,Custom,Pickup Truck,4,Black,Jet Black,Four-wheel Drive
18,2024 Chrysler Pacifica Limited,Chrysler,Pacifica,2024,55183,24V MPFI DOHC,6,Gasoline,13,9-Speed Automatic,Limited,Passenger Van,4,Bright White Clearcoat,Black,All-wheel Drive
19,2024 Hyundai IONIQ 5 Disney100 Platinum Edition,Hyundai,IONIQ 5,2024,61775,c,,Electric,12,Automatic,Disney100 Platinum Edition,SUV,4,Gold,Gray,All-wheel Drive
20,2024 Jeep Grand Cherokee L Limited,Jeep,Grand Cherokee L,2024,50923,"ar 3.6L V-6 DOHC, variable valve control, regular unleade",6,Gasoline,4,Automatic,Limited,SUV,4,Diamond Black Crystal Pearlcoat,Global Black,Four-wheel Drive
21,2024 Kia Sportage X-Line,Kia,Sportage,2024,35400,16V PDI DOHC,4,Gasoline,141,8-Speed Automatic,X-Line,SUV,4,Jungle Green,,All-wheel Drive
22,2024 Jeep Wagoneer L Series II,Jeep,Wagoneer L,2024,77522,24V GDI DOHC Twin Turbo,6,Gasoline,10,8-Speed Automatic,Series II,SUV,4,Diamond Black,Black,Four-wheel Drive
23,2024 Nissan Kicks SR,Nissan,Kicks,2024,25080,16V MPFI DOHC,4,Gasoline,12,Automatic CVT,SR,SUV,4,Aspen White / Super Black,Charcoal,Front-wheel Drive
24,2023 Jeep Compass Trailhawk,Jeep,Compass,2023,38300,"gasoline direct injection, DOHC, variable valve control,",4,Gasoline,24,Automatic,Trailhawk,SUV,4,Bright White Clearcoat,Ruby Red/Black,Four-wheel Drive
25,2023 Dodge Charger SXT,Dodge,Charger,2023,35821,24V MPFI DOHC,6,Gasoline,20,8-Speed Automatic,SXT,Sedan,4,Black,Black,Rear-wheel Drive
26,2024 Audi Q5 e Premium 55 TFSI e S line quattro S tronic,Audi,Q5 e,2024,69995,"gasoline direct injection, DOHC, variable valve control,",4,Gasoline,12,7-Speed Automatic S tronic,Premium 55 TFSI e S line quattro S tronic,SUV,4,Daytona Gray Pearl,Gray,All-wheel Drive
27,2023 Mazda MX-5 Miata RF Grand Touring,Mazda,MX-5 Miata RF,2023,38040,16V GDI DOHC,4,Gasoline,3,6-Speed Automatic,Grand Touring,Convertible,2,Snowflake White Pearl,Black,Rear-wheel Drive
28,2024 RAM 3500 Tradesman Crew Cab 4x4 8' Box,RAM,3500,2024,64111,"6.7L I-6 diesel direct injection, VVT intercooled turbo,",6,Diesel,6,Automatic,Tradesman Crew Cab 4x4 8&#39; Box,Pickup Truck,4,Black,Black Interior Color,Four-wheel Drive
29,2024 Jeep Wrangler 4xe Rubicon,Jeep,Wrangler 4xe,2024,61860,16V GDI DOHC Turbo Hybrid,4,Hybrid,5,8-Speed Automatic,Rubicon,SUV,4,Anvil Clearcoat,Black,Four-wheel Drive
30,2024 Hyundai Sonata Hybrid SEL,Hyundai,Sonata Hybrid,2024,32520,16V GDI DOHC Hybrid,4,Hybrid,11,6-Speed Automatic,SEL,Sedan,4,Portofino Gray,Gray,Front-wheel Drive
31,2024 Ford Expedition XLT,Ford,Expedition,2024,72135,24V PDI DOHC Twin Turbo,6,Gasoline,7,10-Speed Automatic,XLT,SUV,4,Black,Black Onyx,Four-wheel Drive
32,2024 Hyundai Elantra HEV Limited,Hyundai,Elantra HEV,2024,30335,16V GDI DOHC Hybrid,4,Hybrid,0,Automatic,Limited,Sedan,4,Gray Pearl,Melange,Front-wheel Drive
33,2024 Mercedes-Benz AMG C 43 Base 4MATIC,Mercedes-Benz,AMG C 43,2024,73960,16V PDI DOHC Turbo,4,Gasoline,5,9-Speed Automatic,Base 4MATIC,Sedan,4,Obsidian Black Metallic,Black,All-wheel Drive
34,2024 Volkswagen Jetta 1.4T S,Volkswagen,Jetta,2024,24348,"4 gasoline direct injection, DOHC, variable valve control",4,Gasoline,13,8-Speed Automatic with Tiptronic,1.4T S,Sedan,4,Pyrite Silver Metallic,Titan Black,Front-wheel Drive
35,2024 Hyundai IONIQ 5 SE,Hyundai,IONIQ 5,2024,43904,c,,Electric,6,1-Speed Automatic,SE,SUV,4,Blue,Gray,All-wheel Drive
36,2024 RAM 3500 Big Horn,RAM,3500,2024,65774,24V DDI OHV Turbo Diesel,6,Diesel,13,6-Speed Automatic,Big Horn,Pickup Truck,4,Billet Silver Metallic Clearcoat,Black,Four-wheel Drive
37,2024 Dodge Hornet R/T,Dodge,Hornet,2024,39581,16V GDI DOHC Turbo Hybrid,4,Hybrid,5,6-Speed Automatic,R/T,SUV,4,Blue Steel,Black,All-wheel Drive
38,2024 RAM ProMaster 3500 Base,RAM,ProMaster 3500,2024,67749,24V MPFI DOHC,6,Gasoline,181,9-Speed Automatic,Base,Cargo Van,3,Bright White Clearcoat,Black,Front-wheel Drive
39,2024 Volkswagen Taos 1.5T SE,Volkswagen,Taos,2024,32406,"4 gasoline direct injection, DOHC, variable valve control",4,Gasoline,11,8-speed automatic,1.5T SE,SUV,4,Deep Black Pearl,Black,Front-wheel Drive
40,2024 Toyota Tundra Hybrid Platinum,Toyota,Tundra Hybrid,2024,71146,"MAX 3.4L V-6 port/direct injection, DOHC, variable valve",6,Hybrid,10,10-Speed Automatic,Platinum,Pickup Truck,4,Supersonic Red,Black,Rear-wheel Drive
41,2024 Subaru Solterra Premium,Subaru,Solterra,2024,39934,c,,,5,1-Speed Automatic,Premium,SUV,4,Galactic,Black,All-wheel Drive
42,2024 BMW i7 eDrive50,BMW,i7,2024,110445,c,,Electric,5,1-Speed Automatic,eDrive50,Sedan,4,Black Sapphire Metallic,Black,Rear-wheel Drive
43,2024 GMC Terrain AT4,GMC,Terrain,2024,34940,16V GDI DOHC Turbo,4,Gasoline,0,9-Speed Automatic,AT4,SUV,4,Ebony Twilight Metallic,Jet Black,All-wheel Drive
44,2024 Ford Escape Active,Ford,Escape,2024,34799,12V PDI DOHC Turbo,3,Gasoline,3,8-Speed Automatic,Active,SUV,4,Carbonized Gray Metallic,Ebony,All-wheel Drive
45,2024 Cadillac XT5 Luxury,Cadillac,XT5,2024,47225,"gasoline direct injection, DOHC, variable valve control,",4,Gasoline,5,9-Speed Automatic,Luxury,SUV,4,Stellar Black Metallic,Jet Black,All-wheel Drive
46,2024 Hyundai Sonata Hybrid Limited,Hyundai,Sonata Hybrid,2024,38870,16V GDI DOHC Hybrid,4,Hybrid,14,6-Speed Automatic,Limited,Sedan,4,Portofino Gray,Dark Gray,Front-wheel Drive
47,2024 Jeep Grand Cherokee L Altitude,Jeep,Grand Cherokee L,2024,49836,"ar 3.6L V-6 DOHC, variable valve control, regular unleade",6,Gasoline,7,Automatic,Altitude,SUV,4,Silver Zynith,Global Black,Four-wheel Drive
48,2024 Jeep Wagoneer Base,Jeep,Wagoneer,2024,77473,24V GDI DOHC Twin Turbo,6,Gasoline,14,8-Speed Automatic,Base,SUV,4,Silver Zynith,Global Black,Four-wheel Drive
49,2024 Cadillac LYRIQ Luxury,Cadillac,LYRIQ,2024,60115,c,,Electric,1,1-Speed Automatic,Luxury,SUV,4,Emerald,Black,Rear-wheel Drive
50,2024 Honda Prologue TOURING,Honda,Prologue,2024,56550,c,,,1,1-Speed Automatic,TOURING,SUV,4,Gray,Black,All-wheel Drive
51,2024 Kia EV6 Wind,Kia,EV6,2024,43348,c,,Electric,16,Automatic,Wind,SUV,4,Blue,Black,All-wheel Drive
52,2023 Jeep Grand Cherokee 4xe Trailhawk,Jeep,Grand Cherokee 4xe,2023,59547,16V GDI DOHC Turbo Hybrid,4,Hybrid,185,8-Speed Automatic,Trailhawk,SUV,4,Diamond Black,Global Black,Four-wheel Drive
53,2024 Kia Sportage SX-Prestige,Kia,Sportage,2024,38040,16V PDI DOHC,4,Gasoline,1,8-Speed Automatic,SX-Prestige,SUV,4,Black,Black,All-wheel Drive
54,2024 Jeep Compass Latitude,Jeep,Compass,2024,28867,"gasoline direct injection, DOHC, variable valve control,",4,Gasoline,8,Automatic,Latitude,SUV,4,Silver Zynith Metallic Clearcoat,Black,Four-wheel Drive
55,2024 Hyundai Kona SEL,Hyundai,Kona,2024,29182,16V MPFI DOHC,4,Gasoline,0,Automatic CVT,SEL,SUV,4,Cyber Gray Metallic,Black,Front-wheel Drive
56,2023 Jeep Grand Cherokee 4xe Trailhawk,Jeep,Grand Cherokee 4xe,2023,67650,16V GDI DOHC Turbo Hybrid,4,Hybrid,555,8-Speed Automatic,Trailhawk,SUV,4,Midnight Sky,Global Black,Four-wheel Drive
57,2024 RAM 3500 Tradesman,RAM,3500,2024,61330,24V DDI OHV Turbo Diesel,6,Diesel,6,6-Speed Automatic,Tradesman,Pickup Truck,2,Flame Red Clearcoat,Black,Four-wheel Drive
58,2024 Kia Sportage EX,Kia,Sportage,2024,31190,16V PDI DOHC,4,Gasoline,10,8-Speed Automatic,EX,SUV,4,Glacial White Pearl,Black,Front-wheel Drive
59,2024 Jeep Grand Cherokee Limited,Jeep,Grand Cherokee,2024,50184,24V MPFI DOHC,6,Gasoline,6,8-Speed Automatic,Limited,SUV,4,Bright White Clearcoat,Black,Four-wheel Drive
60,2024 Kia Sportage SX,Kia,Sportage,2024,33095,16V PDI DOHC,4,Gasoline,10,8-Speed Automatic,SX,SUV,4,Ebony Black,Black,Front-wheel Drive
61,2024 Volkswagen Taos 1.5T SEL,Volkswagen,Taos,2024,33331,16V GDI DOHC Turbo,4,Gasoline,13,7-Speed DSGA? Automatic w/ 4MO,1.5T SEL,SUV,4,Pure White,Black,All-wheel Drive
62,2024 BMW i4 Gran Coupe xDrive40,BMW,i4 Gran Coupe,2024,72435,c,,Electric,5,1-Speed Automatic,xDrive40,Hatchback,4,White,Tacora Red,All-wheel Drive
63,2024 Cadillac LYRIQ Luxury,Cadillac,LYRIQ,2024,60310,c,,Electric,4,1-Speed Automatic,Luxury,SUV,4,Crystal White Tri-Coat,Black,All-wheel Drive
64,2024 Jeep Grand Cherokee Limited,Jeep,Grand Cherokee,2024,52810,24V MPFI DOHC,6,Gasoline,5,8-Speed Automatic,Limited,SUV,4,Midnight Sky,Global Black,Four-wheel Drive
65,2024 Dodge Hornet Hornet R/T Plus Eawd,Dodge,Hornet,2024,49720,"4 gasoline direct injection, DOHC, Multiair variable valv",4,Gasoline,0,6-Spd Aisin F21-250 PHEV Auto Trans,Hornet R/T Plus Eawd,SUV,4,Acapulco Gold,Black,All-wheel Drive
66,2024 Chevrolet Silverado 1500 Custom,Chevrolet,Silverado 1500,2024,44161,16V GDI DOHC Turbo,4,Gasoline,2,8-Speed Automatic,Custom,Pickup Truck,4,Black,Jet Black,Four-wheel Drive
67,2024 Kia Sportage SX,Kia,Sportage,2024,32995,16V PDI DOHC,4,Gasoline,10,8-Speed Automatic,SX,SUV,4,Ebony Black,Black,Front-wheel Drive
68,2024 Hyundai Tucson Hybrid SEL Convenience,Hyundai,Tucson Hybrid,2024,35864,16V GDI DOHC Turbo Hybrid,4,Hybrid,5,6-Speed Automatic,SEL Convenience,SUV,4,Amazon Gray,Black,All-wheel Drive
69,2024 Subaru Outback Wilderness,Subaru,Outback,2024,44354,16V GDI DOHC Turbo,4,Gasoline,,Automatic CVT,Wilderness,SUV,4,Autumn Green,Gray,All-wheel Drive
70,2024 Nissan Versa S,Nissan,Versa,2024,20849,16V MPFI DOHC,4,Gasoline,6,Automatic CVT,S,Sedan,4,Cloud White,Charcoal,Front-wheel Drive
71,2024 Volkswagen Jetta 1.4T SE,Volkswagen,Jetta,2024,26104,"4 gasoline direct injection, DOHC, variable valve control",4,Gasoline,9,8-Speed Automatic with Tiptronic,1.4T SE,Sedan,4,Pyrite Silver Metallic,Titan Black,Front-wheel Drive
72,2024 BMW i5 M60,BMW,i5,2024,96895,c,,Electric,37,1-Speed Automatic,M60,Sedan,4,Black Sapphire,Black,All-wheel Drive
73,2024 RAM 3500 Tradesman,RAM,3500,2024,63670,oled Turbo Diesel I-6 6.7 L/408,6,Diesel,22,Automatic,Tradesman,Pickup Truck,4,Flame Red Clearcoat,Diesel Gray/Black,Four-wheel Drive
74,2023 Jeep Wrangler 4xe Sahara,Jeep,Wrangler 4xe,2023,63715,16V GDI DOHC Turbo Hybrid,4,Hybrid,,8-Speed Automatic,Sahara,SUV,4,Silver Zynith Clearcoat,Black,Four-wheel Drive
75,2024 Chevrolet Silverado 2500 LT,Chevrolet,Silverado 2500,2024,70190,"6.6L V-8 diesel direct injection, intercooled turbo, die",8,Diesel,5,Automatic,LT,Pickup Truck,4,Dark Ash Metallic,Gideon/Very Dark Atmosphere,Four-wheel Drive
76,2024 Nissan Rogue SL,Nissan,Rogue,2024,41180,"o 1.5L I-3 gasoline direct injection, DOHC, CVTCS variabl",3,Gasoline,3,Automatic,SL,SUV,4,Boulder Gray Pearl,Charcoal,All-wheel Drive
77,2024 Jeep Grand Cherokee 4xe Trailhawk,Jeep,Grand Cherokee 4xe,2024,67784,16V GDI DOHC Turbo Hybrid,4,Hybrid,35,8-Speed Automatic,Trailhawk,SUV,4,Diamond Black,Global Black,Four-wheel Drive
78,2024 Jeep Grand Cherokee L Limited,Jeep,Grand Cherokee L,2024,53455,24V VVT,6,Gasoline,0,8-Speed Automatic,Limited,SUV,4,Velvet Red Pearlcoat,Global Black,Four-wheel Drive
79,2024 Hyundai Santa Cruz 2.5T XRT,Hyundai,Santa Cruz,2024,41995,16V PDI DOHC Turbo,4,Gasoline,1,8-Speed Automatic with Auto-Shift,2.5T XRT,Pickup Truck,4,Sage Gray,Black,All-wheel Drive
80,2024 Nissan Murano Platinum,Nissan,Murano,2024,48000,24V MPFI DOHC,6,Gasoline,87,Automatic CVT,Platinum,SUV,4,Deep Ocean Blue,Beige,All-wheel Drive
81,2024 GMC Savana 2500 Work Van,GMC,Savana 2500,2024,44595,"6 gasoline direct injection, variable valve control, regu",6,Gasoline,3,Automatic,Work Van,Cargo Van,3,Summit White,,Rear-wheel Drive
82,2024 Hyundai Tucson Hybrid Limited,Hyundai,Tucson Hybrid,2024,39832,16V GDI DOHC Turbo Hybrid,4,Hybrid,10,6-Speed Automatic,Limited,SUV,4,Deep Sea,Black,All-wheel Drive
83,2024 Mercedes-Benz Sprinter 2500 144 WB Standard Roof Passenger,Mercedes-Benz,Sprinter 2500,2024,69017,16V DDI DOHC Turbo Diesel,4,Diesel,10,9-Speed Automatic,144 WB Standard Roof Passenger,Passenger Van,3,Jet Black,Black,Rear-wheel Drive
84,2024 Audi Q8 e-tron Premium,Audi,Q8 e-tron,2024,89780,c,,Electric,5,Automatic,Premium,SUV,4,Glacier White Metallic,Black,All-wheel Drive
85,2024 Audi Q8 e-tron Premium,Audi,Q8 e-tron,2024,84465,c,,Electric,5,Automatic,Premium,SUV,4,Glacier White Metallic,Okapi Brown,All-wheel Drive
86,2024 Hyundai IONIQ 6 SE,Hyundai,IONIQ 6,2024,50850,;,,Electric,10,Automatic,SE,Sedan,4,Serenity White,Black,All-wheel Drive
87,2024 RAM 3500 Laramie,RAM,3500,2024,84701,oled Turbo Diesel I-6 6.7 L/408,6,Diesel,15,Automatic,Laramie,Pickup Truck,4,Billet Silver Metallic Clearcoat,Black,Four-wheel Drive
88,2024 Ford Mustang Mach-E Premium,Ford,Mustang Mach-E,2024,49285,c,,Electric,5,1-Speed Automatic,Premium,SUV,4,Green,Black,All-wheel Drive
89,2023 Jeep Compass Latitude,Jeep,Compass,2023,30000,DOHC,4,Gasoline,0,8-Speed Automatic,Latitude,SUV,4,Red Line,Steel Gry Premium Cl,Four-wheel Drive
90,2024 Ford Transit-150 Base,Ford,Transit-150,2024,55645,24V PDI DOHC Flexible Fuel,6,E85 Flex Fuel,59,10-Speed Automatic,Base,Cargo Van,3,Race Red,Ebony,All-wheel Drive
91,2023 Volvo C40 Recharge Pure Electric Twin Ultimate,Volvo,C40 Recharge Pure Electric,2023,62240,c Motor,0,Electric,0,Automatic,Twin Ultimate,SUV,4,Gray,Charcoal,All-wheel Drive
92,2024 BMW i5 eDrive40,BMW,i5,2024,74695,c,,Electric,7,1-Speed Automatic,eDrive40,Sedan,4,Alpine White,Black,Rear-wheel Drive
93,2024 Toyota Corolla LE,Toyota,Corolla,2024,22623,16V PDI DOHC,4,Gasoline,,Automatic CVT,LE,Sedan,4,Silver,Black,Front-wheel Drive
94,2024 RAM 3500 Tradesman,RAM,3500,2024,,16V MPFI OHV,8,Gasoline,98,8-Speed Automatic,Tradesman,Pickup Truck,2,Bright White Clearcoat,Black,Four-wheel Drive
95,2023 Dodge Durango Pursuit,Dodge,Durango,2023,47340,16V MPFI OHV,8,Gasoline,22,8-Speed Automatic,Pursuit,SUV,4,DB Black Crystal Clearcoat,Black,All-wheel Drive
96,2024 Honda CR-V EX-L,Honda,CR-V,2024,37965,16V GDI DOHC Turbo,4,Gasoline,0,Automatic CVT,EX-L,SUV,4,Still Night Pearl,Black,All-wheel Drive
97,2024 RAM 3500 Laramie,RAM,3500,2024,86420,24V DDI OHV Turbo Diesel,6,Diesel,10,Automatic,Laramie,Pickup Truck,4,Pearl White,Black,Four-wheel Drive
98,2024 Mazda CX-90 PHEV Base,Mazda,CX-90 PHEV,2024,51625,"TIV-G 2.5L I-4 gasoline direct injection, DOHC, variable",4,Gasoline,5,8-Speed Automatic,Base,SUV,4,Deep Crystal Blue Mica,Black,All-wheel Drive
99,2024 Chrysler Pacifica Touring-L,Chrysler,Pacifica,2024,48705,24V MPFI DOHC,6,Gasoline,,9-Speed Automatic,Touring-L,Passenger Van,4,Diamond Black,Black,All-wheel Drive
100,2024 Nissan Versa 1.6 SV,Nissan,Versa,2024,21000,16V MPFI DOHC,4,Gasoline,9,Automatic CVT,1.6 SV,Sedan,4,Aspen White,Graphite,Front-wheel Drive
101,2024 Ford Transit-250 148 WB Medium Roof Cargo,Ford,Transit-250,2024,53595,24V PDI DOHC Flexible Fuel,6,E85 Flex Fuel,10,Automatic,148 WB Medium Roof Cargo,Cargo Van,3,Oxford White,Dark Palazzo Gray,Rear-wheel Drive
102,2024 Kia Sportage EX,Kia,Sportage,2024,31190,16V PDI DOHC,4,Gasoline,10,8-Speed Automatic,EX,SUV,4,Glacial White Pearl,Black,Front-wheel Drive
103,2023 Dodge Durango Pursuit,Dodge,Durango,2023,47340,16V MPFI OHV,8,Gasoline,14,8-Speed Automatic,Pursuit,SUV,4,DB Black Crystal Clearcoat,Black,All-wheel Drive
104,2024 Nissan Kicks SR,Nissan,Kicks,2024,26500,"4 DOHC, CVTCS variable valve control, regular unleaded, e",4,Gasoline,15,CVT,SR,SUV,4,Scarlet Ember Tintcoat,Charcoal,Front-wheel Drive
105,2023 Chrysler 300 Touring L,Chrysler,300,2023,35994,24V MPFI DOHC,6,Gasoline,10,8-Speed Automatic,Touring L,Sedan,4,Gloss Black,Black,Rear-wheel Drive
106,2024 Land Rover Defender P400 X-Dynamic SE,Land Rover,Defender,2024,77645,24V GDI DOHC Turbo,6,Gasoline,9,8-Speed Automatic,P400 X-Dynamic SE,SUV,2,Gondwana Stone,Ebony,Four-wheel Drive
107,2024 Hyundai Tucson Hybrid SEL Convenience,Hyundai,Tucson Hybrid,2024,37220,16V GDI DOHC Turbo Hybrid,4,Hybrid,5,6-Speed Automatic,SEL Convenience,SUV,4,Deep Sea,Gray,All-wheel Drive
108,2024 Ford Maverick XLT,Ford,Maverick,2024,36550,16V GDI DOHC Turbo,4,Gasoline,4,8-Speed Automatic,XLT,Pickup Truck,4,Carbonized Gray Metallic,Black Onyx,All-wheel Drive
109,2024 Jeep Compass Latitude,Jeep,Compass,2024,28265,16V GDI DOHC Turbo,4,Gasoline,11,8-Speed Automatic,Latitude,SUV,4,Bright White Clearcoat,Black,Four-wheel Drive
110,2024 Mazda CX-90 PHEV Premium Plus,Mazda,CX-90 PHEV,2024,58399,DOHC 16V LEV3-SULEV30,4,PHEV Hybrid Fuel,4,Automatic,Premium Plus,SUV,4,Rhodium White Premium,Black,All-wheel Drive
111,2024 Jeep Grand Cherokee 4xe Base,Jeep,Grand Cherokee 4xe,2024,61179,16V GDI DOHC Turbo Hybrid,4,Hybrid,26,8-Speed Automatic,Base,SUV,4,Velvet Red Pearlcoat,Global Black,Four-wheel Drive
112,2024 Kia Telluride SX X-Pro,Kia,Telluride,2024,51965,"II 3.8L V-6 gasoline direct injection, DOHC, D-CVVT varia",6,Gasoline,8,Automatic,SX X-Pro,SUV,4,Gray,Black,All-wheel Drive
113,2023 Jeep Gladiator Rubicon,Jeep,Gladiator,2023,53796,24V MPFI DOHC,6,Gasoline,0,8-Speed Automatic,Rubicon,Pickup Truck,4,High Velocity Clearcoat,Black,Four-wheel Drive
114,2024 Jeep Wagoneer Series II,Jeep,Wagoneer,2024,73999,,6,Gasoline,59,8-Speed Automatic,Series II,SUV,4,Bright White Clearcoat,Black,Four-wheel Drive
115,2024 Subaru Outback Premium,Subaru,Outback,2024,32490,16V GDI DOHC,4,Gasoline,,Automatic CVT,Premium,SUV,4,Crystal White Pearl,Black,All-wheel Drive
116,2023 Jeep Gladiator Rubicon,Jeep,Gladiator,2023,54210,24V MPFI DOHC,6,Gasoline,0,8-Speed Automatic,Rubicon,Pickup Truck,4,Sarge Green Clearcoat,Black,Four-wheel Drive
117,2023 Dodge Durango Pursuit,Dodge,Durango,2023,47785,16V MPFI OHV,8,Gasoline,32,8-Speed Automatic,Pursuit,SUV,4,DB Black Crystal Clearcoat,Black,All-wheel Drive
118,2024 Jeep Wagoneer L Base,Jeep,Wagoneer L,2024,66770,24V GDI DOHC Twin Turbo,6,Gasoline,20,8-Speed Automatic,Base,SUV,4,Silver Zynith,Global Black,Four-wheel Drive
119,2024 Jeep Grand Cherokee Limited,Jeep,Grand Cherokee,2024,50702,24V MPFI DOHC,6,Gasoline,6,8-Speed Automatic,Limited,SUV,4,Metallic,Black,Four-wheel Drive
120,2024 Hyundai IONIQ 5 SEL,Hyundai,IONIQ 5,2024,44565,c,,Electric,7,1-Speed Automatic,SEL,SUV,4,Gold,Gray,All-wheel Drive
121,2024 Honda HR-V LX,Honda,HR-V,2024,27450,"gasoline direct injection, DOHC, i-VTEC variable valve co",4,Gasoline,5,Automatic,LX,SUV,4,Deep Ocean Pearl,Nh-731p/Black,All-wheel Drive
122,2024 Ford Expedition XLT,Ford,Expedition,2024,69955,24V PDI DOHC Twin Turbo,6,Gasoline,8,10-Speed Automatic,XLT,SUV,4,Silver,Black Onyx,Four-wheel Drive
123,2024 Chrysler Pacifica Touring-L,Chrysler,Pacifica,2024,46163,24V MPFI DOHC,6,Gasoline,,9-Speed Automatic,Touring-L,Passenger Van,4,Bright White Clearcoat,Black,Front-wheel Drive
124,2024 Jeep Compass Latitude,Jeep,Compass,2024,32269,16V GDI DOHC Turbo,4,Gasoline,0,8-Speed Automatic,Latitude,SUV,4,Metallic,Black,Four-wheel Drive
125,2024 Hyundai Tucson Hybrid Limited,Hyundai,Tucson Hybrid,2024,40754,"ream 1.6L I-4 gasoline direct injection, DOHC, CVVD varia",4,Hybrid,12,Automatic,Limited,SUV,4,Black Pearl,Black,All-wheel Drive
126,2024 Jeep Grand Cherokee 4xe Base,Jeep,Grand Cherokee 4xe,2024,54899,16V GDI DOHC Turbo Hybrid,4,Hybrid,12,8-Speed Automatic,Base,SUV,4,Baltic Gray,Global Black,Four-wheel Drive
127,2024 Jeep Wagoneer Series II,Jeep,Wagoneer,2024,74625,24V GDI DOHC Twin Turbo,6,Gasoline,10,8-Speed Automatic,Series II,SUV,4,Silver,Global Black,Four-wheel Drive
128,2024 RAM ProMaster 2500 High Roof,RAM,ProMaster 2500,2024,53272,24V MPFI DOHC,6,Gasoline,1,9-Speed Automatic,High Roof,Cargo Van,3,Bright White Clearcoat,Black,Front-wheel Drive
129,2024 RAM 3500 Tradesman,RAM,3500,2024,67446,oled Turbo Diesel I-6 6.7 L/408,6,Diesel,296,Automatic,Tradesman,Pickup Truck,4,Bright White Clearcoat,Diesel Gray/Black,Four-wheel Drive
130,2023 Dodge Durango Pursuit,Dodge,Durango,2023,46835,16V MPFI OHV,8,Gasoline,21,8-Speed Automatic,Pursuit,SUV,4,DB Black Crystal Clearcoat,Black,All-wheel Drive
131,2024 RAM 3500 Laramie Mega Cab 4x4 6'4' Box,RAM,3500,2024,89040,"6.7L I-6 diesel direct injection, VVT intercooled turbo,",6,Diesel,5,Aisin 6-Speed Automatic,Laramie Mega Cab 4x4 6&#39;4&#39; Box,Pickup Truck,4,Pearl White,Black,Four-wheel Drive
132,2024 RAM 3500 Tradesman,RAM,3500,2024,65315,24V DDI OHV Turbo Diesel,6,Diesel,9,6-Speed Automatic,Tradesman,Pickup Truck,4,Bright White Clearcoat,Black,Four-wheel Drive
133,2024 Hyundai IONIQ 5 SE,Hyundai,IONIQ 5,2024,42466,c,,Electric,16,1-Speed Automatic,SE,SUV,4,Atlas,Gray,All-wheel Drive
134,2024 Jeep Grand Cherokee 4xe Trailhawk,Jeep,Grand Cherokee 4xe,2024,60884,16V GDI DOHC Turbo Hybrid,4,Hybrid,2,8-Speed Automatic,Trailhawk,SUV,4,Midnight Sky,Global Black,Four-wheel Drive
135,2024 Ford Bronco Sport Free Wheeling,Ford,Bronco Sport,2024,35077,"t 1.5L I-3 port/direct injection, DOHC, Ti-VCT variable v",3,Gasoline,14,Automatic,Free Wheeling,SUV,4,Shadow Black,Ebony,Four-wheel Drive
136,2024 Kia EV6 Wind,Kia,EV6,2024,41991,c,,Electric,14,Automatic,Wind,SUV,4,Glacier,Black,All-wheel Drive
137,2023 Chrysler 300 Touring,Chrysler,300,2023,,24V MPFI DOHC,6,Gasoline,10,8-Speed Automatic,Touring,Sedan,4,Velvet Red Pearlcoat,Black,Rear-wheel Drive
138,2024 RAM 3500 Tradesman Crew Cab 4x4 8' Box,RAM,3500,2024,63518,"6.7L I-6 diesel direct injection, VVT intercooled turbo,",6,Diesel,24,Automatic,Tradesman Crew Cab 4x4 8&#39; Box,Pickup Truck,4,Granite Crystal Metallic Clearcoat,Black Interior Color,Four-wheel Drive
139,2024 Hyundai Tucson Hybrid N Line,Hyundai,Tucson Hybrid,2024,35656,16V GDI DOHC Turbo Hybrid,4,Hybrid,9,6-Speed Automatic,N Line,SUV,4,Titanium Gray,Black,All-wheel Drive
140,2024 Jeep Grand Cherokee L Altitude,Jeep,Grand Cherokee L,2024,49260,"ar 3.6L V-6 DOHC, variable valve control, regular unleade",6,Gasoline,10,Automatic,Altitude,SUV,4,Bright White Clearcoat,Global Black,Four-wheel Drive
141,2024 Mazda CX-90 PHEV Base,Mazda,CX-90 PHEV,2024,53395,"TIV-G 2.5L I-4 gasoline direct injection, DOHC, variable",4,Gasoline,5,8-Speed Automatic,Base,SUV,4,Rhodium White Premium,Greige,All-wheel Drive
142,2024 RAM 3500 Tradesman,RAM,3500,2024,58950,24V DDI OHV Turbo Diesel,6,Diesel,12,6-Speed Automatic,Tradesman,Pickup Truck,4,Bright White Clearcoat,Black,Four-wheel Drive
143,2024 Jeep Grand Cherokee Laredo,Jeep,Grand Cherokee,2024,44737,OHV,6,Gasoline,6,8-Speed Automatic,Laredo,SUV,4,Metallic,Global Black,Four-wheel Drive
144,2024 Kia EV6 Wind,Kia,EV6,2024,41528,c,,Electric,13,Automatic,Wind,SUV,4,Blue,Black,All-wheel Drive
145,2024 Ford Explorer XLT,Ford,Explorer,2024,40145,16V GDI DOHC Turbo,4,Gasoline,9,10-Speed Automatic,XLT,SUV,4,Carbonized Gray Metallic,Ebony,Rear-wheel Drive
146,2024 Chevrolet Silverado 1500 LT Trail Boss,Chevrolet,Silverado 1500,2024,63145,24V DDI DOHC Turbo Diesel,6,Diesel,5,10-Speed Automatic,LT Trail Boss,Pickup Truck,4,Slate Gray Metallic,Black,Four-wheel Drive
147,2024 Jeep Grand Cherokee L Limited,Jeep,Grand Cherokee L,2024,52631,OHV,6,Gasoline,10,8-Speed Automatic,Limited,SUV,4,Metallic,Global Black,Four-wheel Drive
148,2024 Buick Envista Sport Touring,Buick,Envista,2024,28000,12V GDI DOHC Turbo,3,Gasoline,5,6-Speed Automatic,Sport Touring,SUV,4,Sunrise Red Metallic,Ebony,Front-wheel Drive
149,2024 Jeep Wagoneer Series II,Jeep,Wagoneer,2024,75888,24V GDI DOHC Twin Turbo,6,Gasoline,,8-Speed Automatic,Series II,SUV,4,Riverrock Green,Black,Four-wheel Drive
150,2024 Jeep Grand Cherokee L Limited,Jeep,Grand Cherokee L,2024,50377,OHV,6,Gasoline,7,8-Speed Automatic,Limited,SUV,4,Bright White Clearcoat,,Four-wheel Drive
151,2024 Volkswagen Taos 1.5T SE,Volkswagen,Taos,2024,29066,"4 gasoline direct injection, DOHC, variable valve control",4,Gasoline,5,8-Speed Automatic with Tiptronic,1.5T SE,SUV,4,Pure White,Black,Front-wheel Drive
152,2024 Chevrolet Trax LT,Chevrolet,Trax,2024,24680,12V GDI DOHC Turbo,3,Gasoline,5,6-Speed Automatic,LT,SUV,4,Cayenne Orange Metallic,Jet Black,Front-wheel Drive
153,2023 Dodge Durango Pursuit,Dodge,Durango,2023,46835,16V MPFI OHV,8,Gasoline,5,8-Speed Automatic,Pursuit,SUV,4,DB Black Crystal Clearcoat,Black,All-wheel Drive
154,2024 Hyundai Kona Limited,Hyundai,Kona,2024,33840,16V GDI DOHC Turbo,4,Gasoline,8,8-Speed Automatic,Limited,SUV,4,Orange Pearl,Black,All-wheel Drive
155,2024 Ford Transit-350 148 WB Medium Roof Cargo,Ford,Transit-350,2024,52530,24V PDI DOHC Flexible Fuel,6,E85 Flex Fuel,1,,148 WB Medium Roof Cargo,Cargo Van,3,White,,Rear-wheel Drive
156,2024 Chrysler Voyager LX,Chrysler,Voyager,2024,38954,24V MPFI DOHC,6,Gasoline,5,9-Speed Automatic,LX,Passenger Van,4,Bright White Clearcoat,Black,Front-wheel Drive
157,2024 RAM 3500 Big Horn,RAM,3500,2024,,24V DDI OHV Turbo Diesel,6,Diesel,23,6-Speed Automatic,Big Horn,Pickup Truck,4,Diamond Black,Black,Four-wheel Drive
158,2023 Dodge Charger SXT,Dodge,Charger,2023,37490,24V MPFI DOHC,6,Gasoline,20,8-Speed Automatic,SXT,Sedan,4,Green,Black,Rear-wheel Drive
159,2024 Honda Prologue TOURING,Honda,Prologue,2024,55800,c,,,,1-Speed Automatic,TOURING,SUV,4,Gray,Black,All-wheel Drive
160,2024 Hyundai Santa Cruz 2.5T NIGHT,Hyundai,Santa Cruz,2024,40375,16V PDI DOHC Turbo,4,Gasoline,1,8-Speed Automatic with Auto-Shift,2.5T NIGHT,Pickup Truck,4,Hampton Gray,Black,All-wheel Drive
161,2024 Hyundai IONIQ 5 SEL,Hyundai,IONIQ 5,2024,45289,c,,Electric,5,1-Speed Automatic,SEL,SUV,4,Black,Black,All-wheel Drive
162,2024 RAM 2500 Power Wagon,RAM,2500,2024,74990,"6.7L I-6 diesel direct injection, VVT intercooled turbo,",6,Diesel,15,Automatic,Power Wagon,Pickup Truck,4,Olive Green Pearlcoat,Black,Four-wheel Drive
163,2024 Jeep Wagoneer L Series II,Jeep,Wagoneer L,2024,83845,24V GDI DOHC Twin Turbo,6,Gasoline,,8-Speed Automatic,Series II,SUV,4,Bright White Clearcoat,Black,Four-wheel Drive
164,2024 Chevrolet Blazer EV 2LT,Chevrolet,Blazer EV,2024,52190,c,,Electric,6,1-Speed Automatic,2LT,SUV,4,Radiant Red,Black,All-wheel Drive
165,2024 Hyundai IONIQ 5 SEL,Hyundai,IONIQ 5,2024,45373,c,,Electric,3,1-Speed Automatic,SEL,SUV,4,Blue,Black,All-wheel Drive
166,2024 Hyundai Tucson Hybrid SEL Convenience,Hyundai,Tucson Hybrid,2024,35364,16V GDI DOHC Turbo Hybrid,4,Hybrid,33,6-Speed Automatic,SEL Convenience,SUV,4,Phantom Black,Black,All-wheel Drive
167,2024 Chevrolet Trailblazer RS,Chevrolet,Trailblazer,2024,32580,"1.3L I-3 gasoline direct injection, DOHC, variable valve",3,Gasoline,0,9-Speed Automatic,RS,SUV,4,Crimson Metallic,Jet Black w/Red Accents,All-wheel Drive
168,2023 Jeep Wagoneer L Series III,Jeep,Wagoneer L,2023,86097,24V GDI DOHC Twin Turbo,6,Gasoline,9711,8-Speed Automatic,Series III,SUV,4,Riverrock Green,Sea Salt,Four-wheel Drive
169,2024 Jeep Grand Cherokee 4xe Summit,Jeep,Grand Cherokee 4xe,2024,69201,16V GDI DOHC Turbo Hybrid,4,Hybrid,11,8-Speed Automatic,Summit,SUV,4,Velvet Red Pearlcoat,Tupelo,Four-wheel Drive
170,2024 Honda Prologue TOURING,Honda,Prologue,2024,55800,c,,,,1-Speed Automatic,TOURING,SUV,4,BX,Gray,All-wheel Drive
171,2024 Hyundai IONIQ 5 SEL,Hyundai,IONIQ 5,2024,44713,c,,Electric,13,1-Speed Automatic,SEL,SUV,4,Atlas,Gray,All-wheel Drive
172,2024 Jeep Grand Cherokee L Altitude,Jeep,Grand Cherokee L,2024,47451,"ar 3.6L V-6 DOHC, variable valve control, regular unleade",6,Gasoline,3,Automatic,Altitude,SUV,4,Bright White Clearcoat,Global Black,Four-wheel Drive
173,2024 Ford Edge SEL,Ford,Edge,2024,44615,"t 2L I-4 gasoline direct injection, DOHC, variable valve",4,Gasoline,9,8-Speed Automatic,SEL,SUV,4,Agate Black Metallic,Ebony,All-wheel Drive
174,2024 Jeep Wrangler 4-Door Sahara 4x4,Jeep,Wrangler,2024,59456,"ar 3.6L V-6 DOHC, variable valve control, regular unleade",6,Gasoline,15,Automatic,4-Door Sahara 4x4,SUV,4,,Black,Four-wheel Drive
175,2024 Jaguar I-PACE EV400 R-Dynamic HSE,Jaguar,I-PACE,2024,77053,"d>

    
    <dt>VIN</dt>
     SADHM2S12R1631756",,,8,Automatic,EV400 R-Dynamic HSE,SUV,5,Santorini Black,Ebony,All-wheel Drive
176,2024 Hyundai Kona Limited,Hyundai,Kona,2024,35389,16V GDI DOHC Turbo,4,Gasoline,1,8-Speed Automatic,Limited,SUV,4,Cyber Gray Metallic,Gray,All-wheel Drive
177,2024 Mercedes-Benz Sprinter 3500 170 WB High Roof Extended Cargo,Mercedes-Benz,Sprinter 3500,2024,72357,16V DDI DOHC Turbo Diesel,4,Diesel,9,9-Speed Automatic,170 WB High Roof Extended Cargo,Cargo Van,3,Gray White,Black,Rear-wheel Drive
178,2024 Jeep Grand Cherokee 4xe Trailhawk,Jeep,Grand Cherokee 4xe,2024,54905,16V GDI DOHC Turbo Hybrid,4,Hybrid,1,8-Speed Automatic,Trailhawk,SUV,4,Silver Zynith,Global Black,Four-wheel Drive
179,2024 Dodge Durango GT,Dodge,Durango,2024,45038,24V MPFI DOHC,6,Gasoline,5,8-Speed Automatic,GT,SUV,4,Vapor Gray,Black,All-wheel Drive
180,2024 Chevrolet Silverado 1500 LT,Chevrolet,Silverado 1500,2024,49944,16V GDI OHV,8,Gasoline,2,Automatic,LT,Pickup Truck,4,Radiant Red,Jet Black,Four-wheel Drive
181,2024 Cadillac LYRIQ Sport w/1SF,Cadillac,LYRIQ,2024,83665,c Motor,,Electric,728,Automatic,Sport w/1SF,SUV,4,Crystal White Tricoat,Noir w/Santorini Blue Accents,Rear-wheel Drive
182,2024 Dodge Hornet GT AWD,Dodge,Hornet,2024,36532,"ne 2L I-4 gasoline direct injection, DOHC, variable valve",4,Gasoline,14,9-Speed 948TE Automatic,GT AWD,SUV,4,Gray Cray,Black,All-wheel Drive
183,2024 Jeep Compass Latitude,Jeep,Compass,2024,30525,16V GDI DOHC Turbo,4,Gasoline,0,8-Speed Automatic,Latitude,SUV,4,Metallic,Black,Four-wheel Drive
184,2023 Dodge Durango Pursuit,Dodge,Durango,2023,47340,16V MPFI OHV,8,Gasoline,32,8-Speed Automatic,Pursuit,SUV,4,White Knuckle Clearcoat,Black,All-wheel Drive
185,2024 RAM 3500 Tradesman,RAM,3500,2024,64670,oled Turbo Diesel I-6 6.7 L/408,6,Diesel,15,Automatic,Tradesman,Pickup Truck,4,Bright White Clearcoat,Diesel Gray/Black,Four-wheel Drive
186,2024 Jeep Wrangler Sport S,Jeep,Wrangler,2024,48612,"ar 3.6L V-6 DOHC, variable valve control, regular unleade",6,Gasoline,10,Automatic,Sport S,SUV,4,Black Clearcoat,Black,Four-wheel Drive
187,2023 Ford Mustang Mach-E GT,Ford,Mustang Mach-E,2023,46935,c,,Electric,11,1-Speed Automatic,GT,SUV,4,Black,Black,All-wheel Drive
188,2024 Cadillac XT5 Premium Luxury,Cadillac,XT5,2024,60915,24V GDI DOHC,6,Gasoline,31,9-Speed Automatic,Premium Luxury,SUV,4,Silver Metallic,Jet Black,Front-wheel Drive
189,2024 Jeep Grand Cherokee 4xe Base,Jeep,Grand Cherokee 4xe,2024,49285,"gasoline direct injection, DOHC, intercooled turbo, premi",4,Gasoline,15,8-Speed Automatic,Base,SUV,4,Bright White Clearcoat,Global Black,Four-wheel Drive
190,2024 Dodge Hornet R/T,Dodge,Hornet,2024,40085,16V GDI DOHC Turbo Hybrid,4,Hybrid,16,6-Speed Automatic,R/T,SUV,4,Blue,Black,All-wheel Drive
191,2024 Jeep Compass Trailhawk,Jeep,Compass,2024,41230,"gasoline direct injection, DOHC, variable valve control,",4,Gasoline,9,Automatic,Trailhawk,SUV,4,Sting-Gray Clearcoat,Ruby Red/Black,Four-wheel Drive
192,2024 Jeep Wagoneer L Base,Jeep,Wagoneer L,2024,74366,24V GDI DOHC Twin Turbo,6,Gasoline,4,8-Speed Automatic,Base,SUV,4,Diamond Black,Global Black,Four-wheel Drive
193,2024 Dodge Hornet GT AWD,Dodge,Hornet,2024,34329,"ne 2L I-4 gasoline direct injection, DOHC, variable valve",4,Gasoline,6,Automatic,GT AWD,SUV,4,Q Ball,Black,All-wheel Drive
194,2024 Dodge Hornet Hornet R/T Plus Eawd,Dodge,Hornet,2024,49720,"4 gasoline direct injection, DOHC, Multiair variable valv",4,Gasoline,0,6-Spd Aisin F21-250 PHEV Auto Trans,Hornet R/T Plus Eawd,SUV,4,Acapulco Gold,Black,All-wheel Drive
195,2024 RAM 3500 Laramie Crew Cab 4x4 8' Box,RAM,3500,2024,80927,"6.7L I-6 diesel direct injection, VVT intercooled turbo,",6,Diesel,11,Automatic,Laramie Crew Cab 4x4 8&#39; Box,Pickup Truck,4,White,Black,Four-wheel Drive
196,2024 Mercedes-Benz EQE 350+ Base,Mercedes-Benz,EQE 350+,2024,76535,c,,Electric,375,1-Speed Automatic,Base,Sedan,4,Polar White,Gray,Rear-wheel Drive
197,2024 Mercedes-Benz GLE 450 4MATIC,Mercedes-Benz,GLE 450,2024,85630,24V GDI DOHC Turbo,6,Gasoline,7,9-Speed Automatic,4MATIC,SUV,4,Black,Black,All-wheel Drive
198,2024 Toyota RAV4 Prime XSE,Toyota,RAV4 Prime,2024,50209,16V PDI DOHC Hybrid,4,Hybrid,0,Automatic CVT,XSE,SUV,4,Silver Sky Metallic,Black,All-wheel Drive
199,2024 Kia Sportage X-Line,Kia,Sportage,2024,35795,16V PDI DOHC,4,Gasoline,41,8-Speed Automatic,X-Line,SUV,4,Wolf Gray,,All-wheel Drive
200,2024 Honda Odyssey EX-L,Honda,Odyssey,2024,41705,24V GDI SOHC,6,Gasoline,4,10-Speed Automatic,EX-L,Passenger Van,4,Lunar Silver Metallic,Gray,Front-wheel Drive
201,2024 Dodge Hornet GT AWD,Dodge,Hornet,2024,32485,">

    
    <dt>VIN</dt>
     ZACNDFAN0R3A12168",4,Gasoline,48,9 Spd Automatic,GT AWD,SUV,4,Blu Bayou,Black,All-wheel Drive
202,2024 Dodge Hornet GT,Dodge,Hornet,2024,39555,16V GDI DOHC Turbo,4,Gasoline,1,9-Speed Automatic,GT,SUV,4,HOT TAMALE,,All-wheel Drive
203,2024 Honda CR-V Hybrid Sport,Honda,CR-V Hybrid,2024,36900,16V GDI DOHC Hybrid,4,Hybrid,1,Automatic CVT,Sport,SUV,4,Lunar Silver Metallic,Black,All-wheel Drive
204,2024 Mazda CX-90 PHEV Premium Plus,Mazda,CX-90 PHEV,2024,58399,DOHC 16V LEV3-SULEV30,4,PHEV Hybrid Fuel,4,Automatic,Premium Plus,SUV,4,Rhodium White Premium,Black,All-wheel Drive
205,2024 Hyundai IONIQ 5 SE,Hyundai,IONIQ 5,2024,38201,c,,Electric,12,Automatic,SE,SUV,4,Teal,Gray,Rear-wheel Drive
206,2024 Ford Edge SE,Ford,Edge,2024,40260,16V GDI DOHC Turbo,4,Gasoline,3,8-Speed Automatic,SE,SUV,4,Carbonized Gray Metallic,Ebony,All-wheel Drive
207,2024 RAM 3500 Laramie Crew Cab 4x4 8' Box,RAM,3500,2024,82523,"6.7L I-6 diesel direct injection, VVT intercooled turbo,",6,Diesel,8,Automatic,Laramie Crew Cab 4x4 8&#39; Box,Pickup Truck,4,Billet Silver Metallic Clearcoat,Black,Four-wheel Drive
208,2023 Jeep Compass Trailhawk,Jeep,Compass,2023,37105,16V GDI DOHC Turbo,4,Gasoline,,8-Speed Automatic,Trailhawk,SUV,4,Granite Crystal Clearcoat Metallic,Ruby Red,Four-wheel Drive
209,2024 Kia Sportage X-Line,Kia,Sportage,2024,34000,16V PDI DOHC,4,Gasoline,10,8-Speed Automatic,X-Line,SUV,4,Glacial White Pearl,Black,All-wheel Drive
210,2024 Hyundai Santa Cruz 2.5T XRT,Hyundai,Santa Cruz,2024,41975,16V PDI DOHC Turbo,4,Gasoline,1,8-Speed Automatic with Auto-Shift,2.5T XRT,Pickup Truck,4,Phantom Black,Black,All-wheel Drive
211,2024 Lexus RX 500h F SPORT PERFORMANCE,Lexus,RX 500h,2024,73270,16V PDI DOHC Turbo Hybrid,4,Hybrid,21,6-Speed Automatic,F SPORT PERFORMANCE,SUV,4,Caviar,Black,All-wheel Drive
212,2024 Mercedes-Benz AMG GLE 53 Base,Mercedes-Benz,AMG GLE 53,2024,90995,24V GDI DOHC Turbo,6,Gasoline,10,9-Speed Automatic,Base,SUV,4,Blue,Black,All-wheel Drive
213,2024 Volkswagen Taos 1.5T SE,Volkswagen,Taos,2024,27998,16V GDI DOHC Turbo,4,Gasoline,3,7-Speed DSGA? Automatic w/ 4MO,1.5T SE,SUV,4,Pyrite Silver Metallic,Black,All-wheel Drive
214,2024 Mercedes-Benz Sprinter 2500 Standard Roof,Mercedes-Benz,Sprinter 2500,2024,60061,16V DDI DOHC Turbo Diesel,4,Diesel,58,9-Speed Automatic,Standard Roof,Cargo Van,3,Silver Gray,Black,Rear-wheel Drive
215,2024 Jeep Wrangler 4xe Sport,Jeep,Wrangler 4xe,2024,53535,16V GDI DOHC Turbo Hybrid,4,Hybrid,4,8-Speed Automatic,Sport,SUV,4,Anvil Clearcoat,Black,Four-wheel Drive
216,2024 Kia Sportage X-Line,Kia,Sportage,2024,35435,16V PDI DOHC,4,Gasoline,16,8-Speed Automatic,X-Line,SUV,4,Gravity Gray,,All-wheel Drive
217,2024 Mercedes-Benz GLS 450 4MATIC,Mercedes-Benz,GLS 450,2024,98180,24V GDI DOHC Turbo,6,Gasoline,5,9-Speed Automatic,4MATIC,SUV,4,Polar White,Beige / Black,All-wheel Drive
218,2024 Kia Seltos EX,Kia,Seltos,2024,29640,16V MPFI DOHC,4,Gasoline,16,Automatic CVT,EX,SUV,4,Steel Gray,Black,All-wheel Drive
219,2023 Nissan Titan SV,Nissan,Titan,2023,46672,"ce 5.6L V-8 gasoline direct injection, DOHC, variable val",8,Gasoline,1,Automatic,SV,Pickup Truck,4,Super Black,Black,Four-wheel Drive
220,2023 Dodge Charger Scat Pack,Dodge,Charger,2023,65075,16V MPFI OHV,8,Gasoline,18,8-Speed Automatic,Scat Pack,Sedan,4,Blue,Black,Rear-wheel Drive
221,2024 Kia Sportage Hybrid EX,Kia,Sportage Hybrid,2024,34835,"4 gasoline direct injection, DOHC, CVVT variable valve co",4,Hybrid,9,Automatic,EX,SUV,4,Gravity Gray,Black,All-wheel Drive
222,2024 Jeep Compass Latitude,Jeep,Compass,2024,28860,16V GDI DOHC Turbo,4,Gasoline,7,8-Speed Automatic,Latitude,SUV,4,Silver Zynith,Black,Four-wheel Drive
223,2024 Kia Seltos S,Kia,Seltos,2024,28630,16V MPFI DOHC,4,Gasoline,15,Automatic CVT,S,SUV,4,Snow White Pearl,,All-wheel Drive
224,2024 Hyundai Santa Fe Calligraphy,Hyundai,Santa Fe,2024,49905,Turbo DOHC,4,Gasoline,1,Automatic,Calligraphy,SUV,,Green,Black,All-wheel Drive
225,2023 Dodge Durango Pursuit,Dodge,Durango,2023,47340,16V MPFI OHV,8,Gasoline,35,8-Speed Automatic,Pursuit,SUV,4,White Knuckle Clearcoat,Black,All-wheel Drive
226,2024 Jeep Grand Cherokee L Laredo,Jeep,Grand Cherokee L,2024,49139,OHV,6,Gasoline,10,8-Speed Automatic,Laredo,SUV,4,Velvet Red Pearlcoat,Global Black,Four-wheel Drive
227,2024 Jeep Grand Cherokee L Limited,Jeep,Grand Cherokee L,2024,54209,OHV,6,Gasoline,10,8-Speed Automatic,Limited,SUV,4,Metallic,Global Black,Four-wheel Drive
228,2024 Kia EV6 Wind,Kia,EV6,2024,43439,c,,Electric,14,Automatic,Wind,SUV,4,Aurora Black Pearl,Black,All-wheel Drive
229,2024 Jeep Compass Limited,Jeep,Compass,2024,33696,16V GDI DOHC Turbo,4,Gasoline,6,8-Speed Automatic,Limited,SUV,4,Bright White Clearcoat,Black,Four-wheel Drive
230,2024 Chevrolet Equinox 1LT,Chevrolet,Equinox,2024,33977,16V GDI DOHC Turbo,4,Gasoline,6,6-Speed Automatic,1LT,SUV,4,Summit White,Jet Black,All-wheel Drive
231,2024 Hyundai Tucson Hybrid Limited,Hyundai,Tucson Hybrid,2024,41720,16V GDI DOHC Turbo Hybrid,4,Hybrid,10,6-Speed Automatic,Limited,SUV,4,Deep Sea,Gray,All-wheel Drive
232,2024 Dodge Hornet R/T EAWD,Dodge,Hornet,2024,41036,"4 gasoline direct injection, DOHC, Multiair variable valv",4,Gasoline,5,6-Speed Automatic,R/T EAWD,,4,8 Ball,Black,All-wheel Drive
233,2024 Mazda CX-90 PHEV Base,Mazda,CX-90 PHEV,2024,60200,"TIV-G 2.5L I-4 gasoline direct injection, DOHC, variable",4,Gasoline,33,Automatic,Base,SUV,4,Jet Black Mica,White,All-wheel Drive
234,2024 Volkswagen Taos 1.5T S,Volkswagen,Taos,2024,25311,16V GDI DOHC Turbo,4,Gasoline,9,7-Speed DSGA? Automatic w/ 4MO,1.5T S,SUV,4,Pyrite Silver Metallic,Black,All-wheel Drive
235,2024 Hyundai IONIQ 5 SEL,Hyundai,IONIQ 5,2024,52905,c,,Electric,12,1-Speed Automatic,SEL,SUV,4,Blue,Black,All-wheel Drive
236,2024 RAM 2500 Tradesman,RAM,2500,2024,69315,24V DDI OHV Turbo Diesel,6,Diesel,0,Automatic,Tradesman,Pickup Truck,4,Bright White Clearcoat,Black,Four-wheel Drive
237,2024 Audi SQ8 e-tron Premium Plus,Audi,SQ8 e-tron,2024,106215,c,,Electric,12,Automatic,Premium Plus,SUV,4,Mythos Black Metallic,Black,All-wheel Drive
238,2024 Jeep Grand Cherokee Laredo,Jeep,Grand Cherokee,2024,47080,OHV,6,Gasoline,6,8-Speed Automatic,Laredo,SUV,4,Bright White Clearcoat,Black,Four-wheel Drive
239,2024 Hyundai IONIQ 5 Limited,Hyundai,IONIQ 5,2024,59255,c,,Electric,10,1-Speed Automatic,Limited,SUV,4,Blue,Gray,All-wheel Drive
240,2024 Jeep Wagoneer Base,Jeep,Wagoneer,2024,64434,rbo Regular Unleaded I-6 3.0 L/183,6,Gasoline,20,Automatic,Base,SUV,4,Diamond Black Crystal Pearlcoat,Black,Four-wheel Drive
241,2024 Jeep Grand Cherokee 4xe Overland,Jeep,Grand Cherokee 4xe,2024,77314,16V GDI DOHC Turbo Hybrid,4,Hybrid,6,8-Speed Automatic,Overland,SUV,4,Midnight Sky,Global Black,Four-wheel Drive
242,2024 Dodge Hornet Hornet R/T Plus Eawd,Dodge,Hornet,2024,48595,"4 gasoline direct injection, DOHC, Multiair variable valv",4,Gasoline,0,6-Spd Aisin F21-250 PHEV Auto Trans,Hornet R/T Plus Eawd,SUV,4,8 Ball,Black,All-wheel Drive
243,2024 Mazda CX-90 PHEV Premium Plus,Mazda,CX-90 PHEV,2024,58049,DOHC 16V LEV3-SULEV30,4,PHEV Hybrid Fuel,4,Automatic,Premium Plus,SUV,4,Platinum,Black,All-wheel Drive
244,2024 Hyundai Tucson Hybrid Limited,Hyundai,Tucson Hybrid,2024,40933,16V GDI DOHC Turbo Hybrid,4,Hybrid,7,6-Speed Automatic,Limited,SUV,4,Black Pearl,Gray,All-wheel Drive
245,2024 RAM ProMaster 1500 Low Roof,RAM,ProMaster 1500,2024,51380,24V MPFI DOHC,6,Gasoline,10,9-Speed Automatic,Low Roof,Cargo Van,3,Bright White Clearcoat,Black,Front-wheel Drive
246,2024 Hyundai Tucson SEL,Hyundai,Tucson,2024,30305,16V PDI DOHC,4,Gasoline,11,8-Speed Automatic,SEL,SUV,4,White Pearl,Black,Front-wheel Drive
247,2023 Dodge Durango Pursuit,Dodge,Durango,2023,47340,16V MPFI OHV,8,Gasoline,33,8-Speed Automatic,Pursuit,SUV,4,White Knuckle Clearcoat,Black,All-wheel Drive
248,2024 Jeep Grand Cherokee Limited,Jeep,Grand Cherokee,2024,53160,24V MPFI DOHC,6,Gasoline,6,8-Speed Automatic,Limited,SUV,4,Midnight Sky,Black,Four-wheel Drive
249,2023 RAM ProMaster 3500 High Roof,RAM,ProMaster 3500,2023,66375,"6 DOHC, variable valve control, regular unleaded, engine",6,Gasoline,17,Automatic,High Roof,Cargo Van,3,Bright White Clearcoat,Black,Front-wheel Drive
250,2024 Jeep Compass Latitude,Jeep,Compass,2024,28867,"gasoline direct injection, DOHC, variable valve control,",4,Gasoline,1,Automatic,Latitude,SUV,4,Baltic Gray Metallic Clearcoat,Black,Four-wheel Drive
251,2024 Jeep Wrangler Rubicon,Jeep,Wrangler,2024,59542,"ar 3.6L V-6 DOHC, variable valve control, regular unleade",6,Gasoline,10,Automatic,Rubicon,SUV,4,Bright White Clearcoat,Black,Four-wheel Drive
252,2024 Jeep Compass Latitude Lux,Jeep,Compass,2024,29826,16V GDI DOHC Turbo,4,Gasoline,6,8-Speed Automatic,Latitude Lux,SUV,4,Bright White Clearcoat,Black,Four-wheel Drive
253,2024 Ford Edge SE,Ford,Edge,2024,,16V GDI DOHC Turbo,4,Gasoline,5,8-Speed Automatic,SE,SUV,4,Metallic,Ebony,All-wheel Drive
254,2024 Volkswagen Taos 1.5T SE,Volkswagen,Taos,2024,32751,"4 gasoline direct injection, DOHC, variable valve control",4,Gasoline,51,7-Speed DSG Automatic with Tiptronic,1.5T SE,SUV,4,Deep Black Pearl,,All-wheel Drive
255,2024 Jeep Compass Sport,Jeep,Compass,2024,29342,"gasoline direct injection, DOHC, variable valve control,",4,Gasoline,6,Automatic,Sport,SUV,4,Laser Blue Pearlcoat,Black,Four-wheel Drive
256,2024 Hyundai Santa Fe SE 2.4,Hyundai,Santa Fe,2024,38100,Turbo DOHC,4,Gasoline,1,Automatic,SE 2.4,SUV,,White,Gray,All-wheel Drive
257,2024 Jeep Grand Cherokee L Overland,Jeep,Grand Cherokee L,2024,66360,"ar 3.6L V-6 DOHC, VVT variable valve control, regular unl",6,Gasoline,27,Automatic,Overland,SUV,4,Diamond Black Crystal Pearlcoat,Global Black,Four-wheel Drive
258,2024 Jeep Grand Cherokee L Limited,Jeep,Grand Cherokee L,2024,49390,OHV,6,Gasoline,,8-Speed Automatic,Limited,SUV,4,Diamond Black,Global Black,Four-wheel Drive
259,2024 Chevrolet Equinox LS,Chevrolet,Equinox,2024,31537,16V GDI DOHC Turbo,4,Gasoline,11,6-Speed Automatic,LS,SUV,4,Summit White,Medium Ash Gray,All-wheel Drive
260,2024 GMC Sierra 2500 Denali,GMC,Sierra 2500,2024,85845,32V DDI OHV Turbo Diesel,8,Diesel,2,10-Speed Automatic,Denali,Pickup Truck,4,White Frost Tri-Coat,Jet Black,Four-wheel Drive
261,2023 Jeep Gladiator Rubicon,Jeep,Gladiator,2023,54210,24V MPFI DOHC,6,Gasoline,0,8-Speed Automatic,Rubicon,Pickup Truck,4,High Velocity Clearcoat,Black,Four-wheel Drive
262,2023 Dodge Durango Pursuit,Dodge,Durango,2023,46835,16V MPFI OHV,8,Gasoline,31,8-Speed Automatic,Pursuit,SUV,4,White Knuckle Clearcoat,Black,All-wheel Drive
263,2024 Kia Sportage S,Kia,Sportage,2024,32198,"4 port/direct injection, DOHC, CVVT variable valve contro",4,Gasoline,0,8-Speed Automatic,S,SUV,4,Ebony,Black,All-wheel Drive
264,2024 Ford Escape Platinum,Ford,Escape,2024,38481,16V MPFI DOHC Hybrid,4,Hybrid,10,Automatic,Platinum,SUV,4,Agate Black Metallic,Ebony,All-wheel Drive
265,2024 Acura MDX Technology,Acura,MDX,2024,56155,24V GDI SOHC,6,Gasoline,3,10-Speed Automatic,Technology,SUV,4,White,,All-wheel Drive
266,2024 Jeep Grand Cherokee L Limited,Jeep,Grand Cherokee L,2024,58779,OHV,6,Gasoline,10,8-Speed Automatic,Limited,SUV,4,Diamond Black,Global Black,Four-wheel Drive
267,2024 Jeep Compass Latitude,Jeep,Compass,2024,31535,16V GDI DOHC Turbo,4,Gasoline,7,8-Speed Automatic,Latitude,SUV,4,Silver Zynith,Black,Four-wheel Drive
268,2024 Jeep Grand Cherokee 4xe Base,Jeep,Grand Cherokee 4xe,2024,62255,16V GDI DOHC Turbo Hybrid,4,Hybrid,26,8-Speed Automatic,Base,SUV,4,Midnight Sky,Global Black,Four-wheel Drive
269,2024 Chevrolet Blazer 3LT,Chevrolet,Blazer,2024,43727,24V GDI DOHC,6,Gasoline,9,9-Speed Automatic,3LT,SUV,4,Copper Bronze,Jet Black,All-wheel Drive
270,2023 RAM 3500 Tradesman,RAM,3500,2023,71999,oled Turbo Diesel I-6 6.7 L/408,6,Diesel,252,Automatic,Tradesman,Pickup Truck,4,Bright White Clearcoat,Black,Four-wheel Drive
271,2024 Ford Bronco Sport Outer Banks,Ford,Bronco Sport,2024,35615,oBoost,3,Gasoline,0,8-Speed Automatic,Outer Banks,SUV,4,Cactus Gray,Navy Pier,Four-wheel Drive
272,2024 Jeep Compass Latitude Lux,Jeep,Compass,2024,33668,16V GDI DOHC Turbo,4,Gasoline,8,8-Speed Automatic,Latitude Lux,SUV,4,Hydro Blue Pearlcoat,Black,Four-wheel Drive
273,2024 Jeep Wrangler 4xe Sport,Jeep,Wrangler 4xe,2024,51350,16V GDI DOHC Turbo Hybrid,4,Hybrid,,8-Speed Automatic,Sport,SUV,4,Anvil Clearcoat,Black,Four-wheel Drive
274,2024 RAM 3500 Tradesman,RAM,3500,2024,63609,24V DDI OHV Turbo Diesel,6,Diesel,13,Automatic,Tradesman,Pickup Truck,4,Bright White Clearcoat,Black,Four-wheel Drive
275,2024 Hyundai IONIQ 5 SEL,Hyundai,IONIQ 5,2024,45830,c,,Electric,0,Automatic,SEL,SUV,4,Atlas,Gray,All-wheel Drive
276,2024 Chevrolet Equinox LS,Chevrolet,Equinox,2024,30955,"4 gasoline direct injection, DOHC, variable valve control",4,Gasoline,3,Automatic,LS,SUV,4,Summit White,Medium Ash Gray,All-wheel Drive
277,2024 Hyundai Santa Cruz 2.5L SEL,Hyundai,Santa Cruz,2024,37325,16V PDI DOHC,4,Gasoline,1,8-Speed Automatic,2.5L SEL,Pickup Truck,4,Sage Gray,Gray,All-wheel Drive
278,2024 Honda HR-V LX,Honda,HR-V,2024,25950,"gasoline direct injection, DOHC, i-VTEC variable valve co",4,Gasoline,14,Automatic,LX,SUV,4,Modern Steel Metallic,Nh-797m/Black,Front-wheel Drive
279,2024 Hyundai IONIQ 5 SE Standard Range,Hyundai,IONIQ 5,2024,44195,c,,Electric,14,1-Speed Automatic,SE Standard Range,SUV,4,Atlas,Gray,Rear-wheel Drive
280,2024 Dodge Hornet GT AWD,Dodge,Hornet,2024,37498,"ne 2L I-4 gasoline direct injection, DOHC, variable valve",4,Gasoline,12,Automatic,GT AWD,SUV,4,8 Ball,Black,All-wheel Drive
281,2023 Dodge Charger SXT,Dodge,Charger,2023,36083,24V MPFI DOHC,6,Gasoline,20,8-Speed Automatic,SXT,Sedan,4,White,Black,Rear-wheel Drive
282,2024 Nissan Versa 1.6 SR,Nissan,Versa,2024,21889,16V MPFI DOHC,4,Gasoline,6,Automatic CVT,1.6 SR,Sedan,4,Electric Blue Metallic,Gray,Front-wheel Drive
283,2024 Hyundai IONIQ 5 SEL,Hyundai,IONIQ 5,2024,45269,c,,Electric,4,1-Speed Automatic,SEL,SUV,4,Teal,Gray,All-wheel Drive
284,2024 Jeep Grand Cherokee 4xe Base,Jeep,Grand Cherokee 4xe,2024,54899,16V GDI DOHC Turbo Hybrid,4,Hybrid,11,8-Speed Automatic,Base,SUV,4,Silver Zynith,Global Black,Four-wheel Drive
285,2024 Jeep Compass Latitude,Jeep,Compass,2024,28860,16V GDI DOHC Turbo,4,Gasoline,7,8-Speed Automatic,Latitude,SUV,4,Diamond Black,Black,Four-wheel Drive
286,2024 Volkswagen Taos 1.5T SE,Volkswagen,Taos,2024,30618,16V GDI DOHC Turbo,4,Gasoline,11,7-Speed DSGA? Automatic w/ 4MO,1.5T SE,SUV,4,Deep Black Pearl Effect,Gray,All-wheel Drive
287,2024 RAM 3500 Laramie,RAM,3500,2024,79934,24V DDI OHV Turbo Diesel,6,Diesel,22,Automatic,Laramie,Pickup Truck,4,Pearl White,Black,Four-wheel Drive
288,2024 Jeep Wrangler 4xe Rubicon X,Jeep,Wrangler 4xe,2024,54226,"gasoline direct injection, DOHC, intercooled turbo, premi",4,Gasoline,2,Automatic,Rubicon X,SUV,4,Black Clearcoat,Black,Four-wheel Drive
289,2024 Ford Explorer XLT,Ford,Explorer,2024,40145,16V GDI DOHC Turbo,4,Gasoline,9,10-Speed Automatic,XLT,SUV,4,Iconic Silver Metallic,Ebony,Rear-wheel Drive
290,2023 Dodge Durango Pursuit,Dodge,Durango,2023,46835,16V MPFI OHV,8,Gasoline,34,8-Speed Automatic,Pursuit,SUV,4,DB Black Crystal Clearcoat,Black,All-wheel Drive
291,2024 BMW i5 M60,BMW,i5,2024,93335,c,,Electric,3,1-Speed Automatic,M60,Sedan,4,Black Sapphire,Black,All-wheel Drive
292,2024 Mercedes-Benz EQS 450 Base 4MATIC,Mercedes-Benz,EQS 450,2024,114160,c,,Electric,5,1-Speed Automatic,Base 4MATIC,SUV,4,Alpine Gray,Black,All-wheel Drive
293,2024 Kia Seltos SX,Kia,Seltos,2024,31490,16V GDI DOHC Turbo,4,Gasoline,350,8-Speed Automatic,SX,SUV,4,Gravity Gray,,All-wheel Drive
294,2024 Audi Q8 e-tron Premium,Audi,Q8 e-tron,2024,84530,c,,Electric,5,Automatic,Premium,SUV,4,Glacier White Metallic,Okapi Brown,All-wheel Drive
295,2024 RAM 2500 Tradesman,RAM,2500,2024,58855,16V MPFI OHV,8,Gasoline,0,Automatic,Tradesman,Pickup Truck,4,Granite,Black,Four-wheel Drive
296,2024 Chevrolet Silverado 1500 RST,Chevrolet,Silverado 1500,2024,58610,16V GDI OHV,8,Gasoline,0,Automatic,RST,Pickup Truck,4,Summit White,Jet Black,Four-wheel Drive
297,2024 Hyundai Santa Cruz 2.5T Limited,Hyundai,Santa Cruz,2024,,16V PDI DOHC Turbo,4,Gasoline,13,8-Speed Automatic with Auto-Shift,2.5T Limited,Pickup Truck,4,Atlas,Black,All-wheel Drive
298,2024 Ford Edge ST-Line,Ford,Edge,2024,,16V GDI DOHC Turbo,4,Gasoline,5,8-Speed Automatic,ST-Line,SUV,4,Iconic Silver,Ebony,All-wheel Drive
299,2024 Chevrolet Silverado 1500 WT,Chevrolet,Silverado 1500,2024,43475,16V GDI DOHC Turbo,4,Gasoline,2,Automatic,WT,Pickup Truck,4,Black,Jet Black,Four-wheel Drive
300,2024 Chevrolet Silverado 1500 Custom Trail Boss,Chevrolet,Silverado 1500,2024,54190,16V GDI OHV,8,Gasoline,5,10-Speed Automatic,Custom Trail Boss,Pickup Truck,4,Dark Ash Metallic,Black,Four-wheel Drive
301,2024 Jeep Compass Latitude,Jeep,Compass,2024,28860,16V GDI DOHC Turbo,4,Gasoline,11,8-Speed Automatic,Latitude,SUV,4,Diamond Black,Black,Four-wheel Drive
302,2024 Jeep Wrangler Rubicon,Jeep,Wrangler,2024,67510,"ar 3.6L V-6 DOHC, variable valve control, regular unleade",6,Gasoline,10,Automatic,Rubicon,SUV,4,Anvil Clear Coat,Black,Four-wheel Drive
303,2024 Ford Mustang Mach-E Premium,Ford,Mustang Mach-E,2024,52180,c,,Electric,25,1-Speed Automatic,Premium,SUV,4,Glacier Gray,Black,All-wheel Drive
304,2024 Kia Niro Touring,Kia,Niro,2024,34310,"4 gasoline direct injection, DOHC, variable valve control",4,Gasoline,13,6-SPEED AUTOMATIC,Touring,SUV,4,Aurora Black,Medium Gray,Front-wheel Drive
305,2024 Hyundai IONIQ 5 SEL,Hyundai,IONIQ 5,2024,42295,c,,Electric,0,Automatic,SEL,SUV,4,Atlas,Gray,Rear-wheel Drive
306,2024 RAM 3500 Tradesman,RAM,3500,2024,60904,oled Turbo Diesel I-6 6.7 L/408,6,Diesel,532,Automatic,Tradesman,Pickup Truck,4,Granite Crystal Metallic Clearcoat,Black,Four-wheel Drive
307,2023 Dodge Durango Pursuit,Dodge,Durango,2023,47340,16V MPFI OHV,8,Gasoline,5,8-Speed Automatic,Pursuit,SUV,4,White Knuckle Clearcoat,Black,All-wheel Drive
308,2024 Mercedes-Benz GLE 450 4MATIC,Mercedes-Benz,GLE 450,2024,74290,24V GDI DOHC Turbo,6,Gasoline,6,9-Speed Automatic,4MATIC,SUV,4,Polar White,Black,All-wheel Drive
309,2024 Nissan Murano Platinum,Nissan,Murano,2024,46000,24V MPFI DOHC,6,Gasoline,5,Automatic CVT,Platinum,SUV,4,Deep Ocean Blue,Beige,All-wheel Drive
310,2024 Jeep Compass Latitude,Jeep,Compass,2024,28867,"gasoline direct injection, DOHC, variable valve control,",4,Gasoline,10,Automatic,Latitude,SUV,4,Hydro Blue Pearlcoat,Black,Four-wheel Drive
311,2024 Ford Transit-250 Base,Ford,Transit-250,2024,51803,"6 port/direct injection, DOHC, variable valve control, re",6,Gasoline,1,Automatic,Base,Cargo Van,3,Oxford White,Dk Palazzo Gry Fron,Rear-wheel Drive
312,2024 Volkswagen Taos 1.5T SE,Volkswagen,Taos,2024,29386,16V GDI DOHC Turbo,4,Gasoline,11,7-Speed DSGA? Automatic w/ 4MO,1.5T SE,SUV,4,Pure White,Black,All-wheel Drive
313,2023 Dodge Durango Pursuit,Dodge,Durango,2023,46835,16V MPFI OHV,8,Gasoline,29,8-Speed Automatic,Pursuit,SUV,4,White Knuckle Clearcoat,Black,All-wheel Drive
314,2024 Dodge Hornet GT,Dodge,Hornet,2024,38122,16V GDI DOHC Turbo,4,Gasoline,18,9-Speed Automatic,GT,SUV,4,Blue Steel,Black,All-wheel Drive
315,2023 Dodge Durango Pursuit,Dodge,Durango,2023,47165,16V MPFI OHV,8,Gasoline,39,8-Speed Automatic,Pursuit,SUV,4,DB Black Crystal Clearcoat,Black,All-wheel Drive
316,2024 RAM 2500 Tradesman,RAM,2500,2024,61865,16V MPFI OHV,8,Gasoline,0,8-Speed Automatic,Tradesman,Pickup Truck,4,Bright White Clearcoat,Black,Four-wheel Drive
317,2023 Ford Mustang Mach-E Premium,Ford,Mustang Mach-E,2023,45525,c,,Electric,10,1-Speed Automatic,Premium,SUV,4,Gray,Gray,All-wheel Drive
318,2024 Ford Expedition Limited,Ford,Expedition,2024,90350,24V PDI DOHC Twin Turbo,6,Gasoline,89,10-Speed Automatic,Limited,SUV,4,Star White,Black Onyx,Four-wheel Drive
319,2023 RAM ProMaster 2500 High Roof,RAM,ProMaster 2500,2023,50245,"6 DOHC, variable valve control, regular unleaded, engine",6,Gasoline,0,Automatic,High Roof,Cargo Van,3,Bright White Clearcoat,Black,Front-wheel Drive
320,2024 Ford Expedition King Ranch,Ford,Expedition,2024,86490,24V PDI DOHC Twin Turbo,6,Gasoline,6,10-Speed Automatic,King Ranch,SUV,4,Black,Java,Four-wheel Drive
321,2024 Jeep Wagoneer L Series II,Jeep,Wagoneer L,2024,88135,24V GDI DOHC Twin Turbo,6,Gasoline,21,8-Speed Automatic,Series II,SUV,4,Velvet Red Pearlcoat,Black,Four-wheel Drive
322,2024 Cadillac XT6 Luxury FWD,Cadillac,XT6,2024,50415,16V GDI DOHC Turbo,4,Gasoline,6,9-Speed Automatic,Luxury FWD,SUV,4,Crystal White Tri-Coat,Jet Black,Front-wheel Drive
323,2023 Mercedes-Benz Sprinter 2500 High Roof,Mercedes-Benz,Sprinter 2500,2023,58665,"gasoline direct injection, DOHC, variable valve control,",4,Gasoline,0,Automatic,High Roof,Cargo Van,3,,,Rear-wheel Drive
324,2024 Dodge Durango GT,Dodge,Durango,2024,44160,24V MPFI DOHC,6,Gasoline,12,8-Speed Automatic,GT,SUV,4,Vapor Gray,Black,Rear-wheel Drive
325,2024 Honda Passport TrailSport,Honda,Passport,2024,46350,24V GDI SOHC,6,Gasoline,0,9-Speed Automatic,TrailSport,SUV,4,Sky,Black,All-wheel Drive
326,2024 Mercedes-Benz EQS 450 Base 4MATIC,Mercedes-Benz,EQS 450,2024,,c,,Electric,8,Automatic,Base 4MATIC,Sedan,4,Graphite Gray Metallic,Gray,All-wheel Drive
327,2024 Ford Escape ST-Line Elite,Ford,Escape,2024,40630,16V GDI DOHC Turbo,4,Gasoline,7,8-Speed Automatic,ST-Line Elite,SUV,4,Iconic Silver Metallic,Red,All-wheel Drive
328,2024 GMC Sierra 1500 SLT,GMC,Sierra 1500,2024,59466,16V GDI OHV,8,Gasoline,0,10-Speed Automatic,SLT,Pickup Truck,4,Volcanic Red,Jet Black,Four-wheel Drive
329,2023 Ford Transit-350 Base,Ford,Transit-350,2023,57000,24V GDI DOHC Twin Turbo,6,Gasoline,5581,10-Speed Automatic,Base,Cargo Van,3,White,Gray,Rear-wheel Drive
330,2024 Buick Enclave Premium,Buick,Enclave,2024,56872,24V GDI DOHC,6,Gasoline,0,9-Speed Automatic,Premium,SUV,4,Ebony Twilight Metallic,Dark Galvanized,All-wheel Drive
331,2024 Acura MDX Technology,Acura,MDX,2024,56800,24V GDI SOHC,6,Gasoline,5,10-Speed Automatic,Technology,SUV,4,Black,,Front-wheel Drive
332,2024 Acura MDX Base,Acura,MDX,2024,51645,24V GDI SOHC,6,Gasoline,5,10-Speed Automatic,Base,SUV,4,Black,,Front-wheel Drive
333,2024 Jeep Compass Limited,Jeep,Compass,2024,38481,16V GDI DOHC Turbo,4,Gasoline,,8-Speed Automatic,Limited,SUV,4,Silver Zynith,Sepia / Black,Four-wheel Drive
334,2023 Hyundai IONIQ 6 SEL,Hyundai,IONIQ 6,2023,39997,c,,Electric,27,1-Speed Automatic,SEL,Sedan,4,Onyx Black,Black,All-wheel Drive
335,2024 Volkswagen Jetta 1.5T SE,Volkswagen,Jetta,2024,26329,16V GDI DOHC Turbo,4,Gasoline,25,8-Speed Automatic,1.5T SE,Sedan,4,Opal White Pearl Effect,Black,Front-wheel Drive
336,2024 Mazda CX-90 3.3 Turbo S Premium,Mazda,CX-90,2024,54800,24V GDI DOHC Turbo,6,Gasoline,0,8-Speed Automatic,3.3 Turbo S Premium,SUV,4,Rhodium White Metallic,White,All-wheel Drive
337,2024 Mazda CX-90 PHEV Premium Plus,Mazda,CX-90 PHEV,2024,59205,16V GDI DOHC Hybrid,4,Hybrid,3,8-Speed Automatic,Premium Plus,SUV,4,Jet Black Mica,Black,All-wheel Drive
338,2024 Mazda CX-90 PHEV Preferred,Mazda,CX-90 PHEV,2024,50595,16V GDI DOHC Hybrid,4,Hybrid,1,8-Speed Automatic,Preferred,SUV,4,Rhodium White Metallic,Black,All-wheel Drive
339,2024 Hyundai Santa Cruz 2.5T XRT,Hyundai,Santa Cruz,2024,38574,16V PDI DOHC Turbo,4,Gasoline,12,8-Speed Automatic with Auto-Shift,2.5T XRT,Pickup Truck,4,Blue Stone,Black,All-wheel Drive
340,2024 Hyundai Tucson SEL,Hyundai,Tucson,2024,32625,16V PDI DOHC,4,Gasoline,2077,8-Speed Automatic,SEL,SUV,4,White Pearl,Gray,Front-wheel Drive
341,2023 Ford Mustang Mach-E GT,Ford,Mustang Mach-E,2023,46775,c,,Electric,9,1-Speed Automatic,GT,SUV,4,Carbonized Gray Metallic,Black Onyx,All-wheel Drive
342,2024 Hyundai Tucson Hybrid Limited,Hyundai,Tucson Hybrid,2024,41720,16V GDI DOHC Turbo Hybrid,4,Hybrid,10,6-Speed Automatic,Limited,SUV,4,Amazon Gray,Gray,All-wheel Drive
343,2024 Dodge Hornet R/T,Dodge,Hornet,2024,42991,16V GDI DOHC Turbo Hybrid,4,Hybrid,14,6-Speed Automatic,R/T,SUV,4,HOT TAMALE,Black,All-wheel Drive
344,2023 Chrysler 300 Touring,Chrysler,300,2023,,24V MPFI DOHC,6,Gasoline,10,8-Speed Automatic,Touring,Sedan,4,Gloss Black,Black,Rear-wheel Drive
345,2024 Hyundai IONIQ 5 Limited,Hyundai,IONIQ 5,2024,59255,c,,Electric,10,1-Speed Automatic,Limited,SUV,4,Black,Gray,All-wheel Drive
346,2023 Buick Envision Essence,Buick,Envision,2023,42785,16V GDI DOHC Turbo,4,Gasoline,13,9-Speed Automatic,Essence,SUV,4,Ebony Twilight Metallic,Ebony,All-wheel Drive
347,2024 Hyundai Tucson Hybrid SEL Convenience,Hyundai,Tucson Hybrid,2024,35744,16V GDI DOHC Turbo Hybrid,4,Hybrid,15,6-Speed Automatic,SEL Convenience,SUV,4,Black Pearl,Gray,All-wheel Drive
348,2024 Jeep Wrangler 4xe Sahara,Jeep,Wrangler 4xe,2024,57870,16V GDI DOHC Turbo Hybrid,4,Hybrid,5,8-Speed Automatic,Sahara,SUV,4,Pearlcoat,Black,Four-wheel Drive
349,2024 Ford Escape Active,Ford,Escape,2024,33071,"t 1.5L I-3 port/direct injection, DOHC, Ti-VCT variable v",3,Gasoline,4,8-Speed Automatic,Active,SUV,4,Oxford White,Space Gray,All-wheel Drive
350,2024 Dodge Hornet R/T Plus,Dodge,Hornet,2024,50590,16V GDI DOHC Turbo Hybrid,4,Hybrid,10,6-Speed Automatic,R/T Plus,SUV,4,8 BALL,Black,All-wheel Drive
351,2024 Hyundai Sonata SEL,Hyundai,Sonata,2024,28469,16V PDI DOHC,4,Gasoline,0,8-Speed Automatic,SEL,Sedan,4,White,Dark Gray,All-wheel Drive
352,2024 Jeep Wagoneer L Series II,Jeep,Wagoneer L,2024,87190,24V GDI DOHC Twin Turbo,6,Gasoline,12,8-Speed Automatic,Series II,SUV,4,Velvet Red Pearlcoat,Global Black,Four-wheel Drive
353,2024 Jeep Grand Cherokee Limited,Jeep,Grand Cherokee,2024,52115,24V MPFI DOHC,6,Gasoline,13,8-Speed Automatic,Limited,SUV,4,Metallic,Beige / Black,Four-wheel Drive
354,2024 Hyundai Santa Cruz 2.5L SEL,Hyundai,Santa Cruz,2024,33160,16V PDI DOHC,4,Gasoline,1,8-Speed Automatic,2.5L SEL,Pickup Truck,4,Blue Stone,Black,All-wheel Drive
355,2024 Buick Envista Avenir,Buick,Envista,2024,31805,12V GDI DOHC Turbo,3,Gasoline,,6-Speed Automatic,Avenir,SUV,4,Ocean Blue Metallic,Ebony,Front-wheel Drive
356,2024 Dodge Hornet R/T,Dodge,Hornet,2024,45844,16V GDI DOHC Turbo Hybrid,4,Hybrid,1,6-Speed Automatic,R/T,SUV,4,Gray,Black,All-wheel Drive
357,2024 RAM 3500 Big Horn,RAM,3500,2024,71167,24V DDI OHV Turbo Diesel,6,Diesel,9,6-Speed Automatic,Big Horn,Pickup Truck,4,Bright White Clearcoat,Black,Four-wheel Drive
358,2024 Kia EV9 Light Long Range,Kia,EV9,2024,52388,c Motor,,Electric,1,1-Speed Automatic,Light Long Range,SUV,4,Aurora Black Pearl,Gray,Rear-wheel Drive
359,2024 Mercedes-Benz EQS 450 Base 4MATIC,Mercedes-Benz,EQS 450,2024,,c,,Electric,10,Automatic,Base 4MATIC,Sedan,4,Obsidian Black Metallic,Black,All-wheel Drive
360,2024 Chevrolet Silverado 1500 LT,Chevrolet,Silverado 1500,2024,49632,16V GDI OHV,8,Gasoline,2,Automatic,LT,Pickup Truck,4,Radiant Red,Jet Black,Four-wheel Drive
361,2024 Chevrolet Equinox 1LT,Chevrolet,Equinox,2024,30101,16V GDI DOHC Turbo,4,Gasoline,2,6-Speed Automatic,1LT,SUV,4,Summit White,Jet Black,All-wheel Drive
362,2024 Jeep Wrangler Sport S,Jeep,Wrangler,2024,46973,"gasoline direct injection, DOHC, intercooled turbo, premi",4,Gasoline,10,Automatic,Sport S,SUV,4,Hydro Blue Pearlcoat,Black,Four-wheel Drive
363,2024 RAM 3500 Tradesman Crew Cab 4x4 8' Box,RAM,3500,2024,64214,"6.7L I-6 diesel direct injection, VVT intercooled turbo,",6,Diesel,6,Automatic,Tradesman Crew Cab 4x4 8&#39; Box,Pickup Truck,4,Bright White Clearcoat,Black Interior Color,Four-wheel Drive
364,2024 Mercedes-Benz Sprinter 2500 High Roof,Mercedes-Benz,Sprinter 2500,2024,65129,"diesel direct injection, DOHC, intercooled turbo, diesel,",4,Diesel,0,Automatic,High Roof,Pickup Truck,3,,,Rear-wheel Drive
365,2024 Kia Sportage SX,Kia,Sportage,2024,33390,16V PDI DOHC,4,Gasoline,10,8-Speed Automatic,SX,SUV,4,Ebony Black,Black,Front-wheel Drive
366,2024 Chevrolet Equinox LS,Chevrolet,Equinox,2024,25515,"4 gasoline direct injection, DOHC, variable valve control",4,Gasoline,5,6-Speed Automatic Electronic with Overdrive,LS,SUV,4,Mosaic Black Metallic,Medium Ash Gray,Front-wheel Drive
367,2024 Buick Envista Avenir,Buick,Envista,2024,31805,12V GDI DOHC Turbo,3,Gasoline,,6-Speed Automatic,Avenir,SUV,4,Ocean Blue Metallic,Ebony,Front-wheel Drive
368,2024 GMC Savana 2500 Work Van,GMC,Savana 2500,2024,44620,"6 gasoline direct injection, variable valve control, regu",6,Gasoline,12,Automatic,Work Van,Cargo Van,3,SILVER,,Rear-wheel Drive
369,2024 GMC Sierra 3500 Denali,GMC,Sierra 3500,2024,102287,32V DDI OHV Turbo Diesel,8,Diesel,4,10-Speed Automatic,Denali,Pickup Truck,4,Summit White,Jet Black,Four-wheel Drive
370,2023 Hyundai IONIQ 6 SEL,Hyundai,IONIQ 6,2023,51820,c,,Electric,12,1-Speed Automatic,SEL,Sedan,4,Gold,Gray,All-wheel Drive
371,2024 Jeep Grand Cherokee L Limited,Jeep,Grand Cherokee L,2024,51360,24V MPFI DOHC,6,Gasoline,,8-Speed Automatic,Limited,SUV,4,Bright White Clearcoat,Beige / Black,Rear-wheel Drive
372,2025 Honda CR-V EX-L,Honda,CR-V,2025,38305,"d>

    
    <dt>VIN</dt>
     7FARS4H71SE000866",,Gasoline,0,Automatic CVT,EX-L,SUV,,Urban Gray Pearl,Black,All-wheel Drive
373,2024 Chevrolet Silverado 1500 LT Trail Boss,Chevrolet,Silverado 1500,2024,65175,24V DDI DOHC Turbo Diesel,6,Diesel,0,Automatic,LT Trail Boss,Pickup Truck,4,Slate Gray Metallic,Jet Black,Four-wheel Drive
374,2024 Jeep Grand Cherokee Altitude,Jeep,Grand Cherokee,2024,47175,"ar 3.6L V-6 DOHC, variable valve control, regular unleade",6,Gasoline,0,Automatic,Altitude,SUV,4,PAS Baltic Grey Metallic Clear Coat,Global Black,Four-wheel Drive
375,2024 Dodge Hornet R/T,Dodge,Hornet,2024,44720,16V GDI DOHC Turbo Hybrid,4,Hybrid,5,6-Speed Automatic,R/T,SUV,4,Blue Steel,Black,All-wheel Drive
376,2023 Chrysler Pacifica Touring L,Chrysler,Pacifica,2023,45300,"6 DOHC, VVT variable valve control, engine with cylinder",6,Gasoline,25,9-Speed 948TE Automatic,Touring L,Minivan,4,Fathom Blue Pearlcoat,Black/Alloy/Black,Front-wheel Drive
377,2024 Hyundai Kona N Line,Hyundai,Kona,2024,33491,16V GDI DOHC Turbo,4,Gasoline,12,8-Speed Automatic,N Line,SUV,4,Abyss Black Pearl,Black,All-wheel Drive
378,2024 Kia Sportage X-Line,Kia,Sportage,2024,33785,16V PDI DOHC,4,Gasoline,1,8-Speed Automatic,X-Line,SUV,4,Red,Black,All-wheel Drive
379,2024 Mazda CX-90 PHEV Base,Mazda,CX-90 PHEV,2024,52445,"TIV-G 2.5L I-4 gasoline direct injection, DOHC, variable",4,Gasoline,5,8-Speed Automatic,Base,SUV,4,Deep Crystal Blue Mica,Greige,All-wheel Drive
380,2023 Hyundai IONIQ 6 SE,Hyundai,IONIQ 6,2023,53820,c ZEV 320hp,,Electric,129,Automatic,SE,Sedan,4,Gravity Gold Matte,Gray,All-wheel Drive
381,2024 Hyundai Santa Cruz 2.5T NIGHT,Hyundai,Santa Cruz,2024,40434,16V PDI DOHC Turbo,4,Gasoline,1,8-Speed Automatic with Auto-Shift,2.5T NIGHT,Pickup Truck,4,Hampton Gray,Black,All-wheel Drive
382,2024 Jeep Wrangler 4xe Sport S,Jeep,Wrangler 4xe,2024,54835,"gasoline direct injection, DOHC, intercooled turbo, premi",4,Gasoline,11,8-Speed A/T,Sport S,SUV,4,Silver Zynith Clearcoat,Black,Four-wheel Drive
383,2024 RAM 2500 Big Horn,RAM,2500,2024,65350,16V MPFI OHV,8,Gasoline,0,8-Speed Automatic,Big Horn,Pickup Truck,4,Patriot Blue Pearlcoat,Black,Four-wheel Drive
384,2024 Ford Expedition Timberline,Ford,Expedition,2024,83910,24V PDI DOHC Twin Turbo,6,Gasoline,65,10-Speed Automatic,Timberline,SUV,4,Green,Black Onyx,Four-wheel Drive
385,2024 Hyundai IONIQ 5 Limited,Hyundai,IONIQ 5,2024,55365,c,,Electric,10,1-Speed Automatic,Limited,SUV,4,Cyber Gray,Black,Rear-wheel Drive
386,2024 Jeep Gladiator Sport,Jeep,Gladiator,2024,46791,24V MPFI DOHC,6,Gasoline,12,Automatic,Sport,Pickup Truck,4,Black Clearcoat,Black,Four-wheel Drive
387,2023 RAM ProMaster 3500 High Roof,RAM,ProMaster 3500,2023,61006,24V MPFI DOHC,6,Gasoline,5,9-Speed Automatic,High Roof,Cargo Van,3,Bright White Clearcoat,Black,Front-wheel Drive
388,2024 Jeep Wagoneer L Series II Carbide 4x4,Jeep,Wagoneer L,2024,86137,"ne 3L I-6 gasoline direct injection, DOHC, variable valve",6,Gasoline,5,Automatic,Series II Carbide 4x4,SUV,4,Velvet Red Pearlcoat,Global Black,Four-wheel Drive
389,2024 Toyota Corolla Cross LE,Toyota,Corolla Cross,2024,30499,16V PDI DOHC,4,Gasoline,1,Automatic CVT,LE,SUV,4,CELESTITE,Ash,All-wheel Drive
390,2024 Mercedes-Benz EQE 350+ Base,Mercedes-Benz,EQE 350+,2024,79765,c,,Electric,9,1-Speed Automatic,Base,Sedan,4,Twilight Blue Metallic,Gray,Rear-wheel Drive
391,2024 Jeep Grand Cherokee L Laredo,Jeep,Grand Cherokee L,2024,46721,OHV,6,Gasoline,10,8-Speed Automatic,Laredo,SUV,4,Metallic,Global Black,Four-wheel Drive
392,2024 Hyundai Santa Cruz 2.5L SEL,Hyundai,Santa Cruz,2024,32925,16V PDI DOHC,4,Gasoline,1,8-Speed Automatic,2.5L SEL,Pickup Truck,4,Blue Stone,Black,All-wheel Drive
393,2024 Dodge Durango Pursuit,Dodge,Durango,2024,,16V MPFI OHV,8,Gasoline,28,8-Speed Automatic,Pursuit,SUV,4,DB Black Crystal Clearcoat,Black,All-wheel Drive
394,2024 Volkswagen Taos 1.5T SE,Volkswagen,Taos,2024,32751,"4 gasoline direct injection, DOHC, variable valve control",4,Gasoline,25,7-Speed DSG Automatic with Tiptronic,1.5T SE,SUV,4,Blue,Black Cloud,All-wheel Drive
395,2024 Ford Mustang Mach-E Select,Ford,Mustang Mach-E,2024,45780,c,,Electric,10,1-Speed Automatic,Select,SUV,4,Vapor Blue Metallic,Black Onyx,All-wheel Drive
396,2024 Chevrolet Silverado 1500 LT,Chevrolet,Silverado 1500,2024,49496,16V GDI OHV,8,Gasoline,2,Automatic,LT,Pickup Truck,4,Black,Jet Black,Four-wheel Drive
397,2024 Ford Transit-250 Base,Ford,Transit-250,2024,61248,"6 port/direct injection, DOHC, variable valve control, re",6,Gasoline,0,Automatic,Base,Cargo Van,3,Oxford White,Gray,Rear-wheel Drive
398,2024 Hyundai IONIQ 5 Limited,Hyundai,IONIQ 5,2024,51765,c,,Electric,7,1-Speed Automatic,Limited,SUV,4,Teal,Dark Green,All-wheel Drive
399,2024 RAM 3500 Tradesman/SLT/Laramie/Limited,RAM,3500,2024,67562,"6.7L I-6 diesel direct injection, VVT intercooled turbo,",6,Diesel,13,Automatic,Tradesman/SLT/Laramie/Limited,Pickup Truck,4,White,Black Interior Color,Four-wheel Drive
400,2024 Ford Explorer XLT,Ford,Explorer,2024,43685,16V GDI DOHC Turbo,4,Gasoline,8,10-Speed Automatic,XLT,SUV,4,Carbonized Gray Metallic,Ebony,Rear-wheel Drive
401,2024 RAM 2500 Tradesman Regular Cab 4x4 8' Box,RAM,2500,2024,53750,"4L V-8 VVT variable valve control, regular unleaded, engi",8,Gasoline,0,Automatic,Tradesman Regular Cab 4x4 8&#39; Box,Pickup Truck,2,Bright White Clearcoat,Diesel Gray/Black,Four-wheel Drive
402,2024 GMC Terrain SLE,GMC,Terrain,2024,35870,"4 gasoline direct injection, DOHC, variable valve control",4,Gasoline,0,Automatic,SLE,SUV,4,Summit White,Jet Blk Premium Clth,All-wheel Drive
403,2024 Kia Sportage X-Line,Kia,Sportage,2024,35040,16V PDI DOHC,4,Gasoline,1,8-Speed Automatic,X-Line,SUV,4,Black,Black,All-wheel Drive
404,2024 Dodge Hornet R/T,Dodge,Hornet,2024,39491,16V GDI DOHC Turbo Hybrid,4,Hybrid,5,6-Speed Automatic,R/T,SUV,4,HOT TAMALE,Black,All-wheel Drive
405,2024 Acura MDX Base,Acura,MDX,2024,53700,24V GDI SOHC,6,Gasoline,5,10-Speed Automatic,Base,SUV,4,Silver,,All-wheel Drive
406,2023 Dodge Charger Scat Pack,Dodge,Charger,2023,65075,16V MPFI OHV,8,Gasoline,18,8-Speed Automatic,Scat Pack,Sedan,4,Blue,Black,Rear-wheel Drive
407,2024 BMW i7 M70,BMW,i7,2024,195895,c,,Electric,0,1-Speed Automatic,M70,Sedan,4,Gray Metallic,Caramel,All-wheel Drive
408,2024 Nissan Kicks S,Nissan,Kicks,2024,24305,"4 DOHC, CVTCS variable valve control, regular unleaded, e",4,Gasoline,15,CVT,S,SUV,4,Gun Metallic,Charcoal,Front-wheel Drive
409,2024 Ford Mustang Mach-E Premium,Ford,Mustang Mach-E,2024,49770,c,,Electric,10,1-Speed Automatic,Premium,SUV,4,Blue,,All-wheel Drive
410,2024 Jeep Grand Cherokee 4xe Anniversary Edition,Jeep,Grand Cherokee 4xe,2024,61506,"gasoline direct injection, DOHC, intercooled turbo, premi",4,Gasoline,3,Automatic,Anniversary Edition,SUV,4,Silver Zynith,Global Black,Four-wheel Drive
411,2024 Acura MDX Technology,Acura,MDX,2024,57650,24V GDI SOHC,6,Gasoline,5,10-Speed Automatic,Technology,SUV,4,Gray,,All-wheel Drive
412,2024 Subaru Impreza Sport,Subaru,Impreza,2024,29068,16V GDI DOHC,4,Gasoline,5,Automatic CVT,Sport,Hatchback,4,Pure Red,Black,All-wheel Drive
413,2024 Mercedes-Benz GLA 250 Base 4MATIC,Mercedes-Benz,GLA 250,2024,51725,16V GDI DOHC Turbo,4,Gasoline,7,8-Speed Automatic with Auto-Shift,Base 4MATIC,SUV,4,Midnight Black,Black,All-wheel Drive
414,2024 Hyundai IONIQ 6 SEL,Hyundai,IONIQ 6,2024,45005,c,,Electric,12,Automatic,SEL,Sedan,4,White,Black,Rear-wheel Drive
415,2024 Audi Q5 e 55 Prestige,Audi,Q5 e,2024,78695,"gasoline direct injection, DOHC, variable valve control,",4,Gasoline,12,7-Speed Automatic S tronic,55 Prestige,SUV,4,Silver Metallic,Black,All-wheel Drive
416,2024 Nissan Kicks SR,Nissan,Kicks,2024,26600,"4 DOHC, CVTCS variable valve control, regular unleaded, e",4,Gasoline,15,CVT,SR,SUV,4,Scarlet Ember Tintcoat,Charcoal,Front-wheel Drive
417,2024 Hyundai Tucson Hybrid SEL Convenience,Hyundai,Tucson Hybrid,2024,37215,16V GDI DOHC Turbo Hybrid,4,Hybrid,,6-Speed Automatic,SEL Convenience,SUV,4,Black Pearl,Gray,All-wheel Drive
418,2023 Ford Transit-350 ,Ford,Transit-350,2023,54525,24V GDI DOHC Twin Turbo,6,Gasoline,0,10-Speed Automatic,,Cargo Van,3,Oxford White,Dark Palazzo Gray,Rear-wheel Drive
419,2024 Hyundai Tucson Hybrid Blue,Hyundai,Tucson Hybrid,2024,34492,16V GDI DOHC Turbo Hybrid,4,Hybrid,10,6-Speed Automatic,Blue,SUV,4,White Pearl,Black,All-wheel Drive
420,2024 RAM 3500 Laramie,RAM,3500,2024,80095,oled Turbo Diesel I-6 6.7 L/408,6,Diesel,20,Automatic,Laramie,Pickup Truck,4,Flame Red Clearcoat,Black,Four-wheel Drive
421,2024 Kia Sportage S,Kia,Sportage,2024,27969,"4 port/direct injection, DOHC, CVVT variable valve contro",4,Gasoline,0,8-Speed Automatic,S,SUV,4,Gravity Gray,Black,Front-wheel Drive
422,2024 Dodge Hornet Hornet R/T Plus Eawd,Dodge,Hornet,2024,49895,"4 gasoline direct injection, DOHC, Multiair variable valv",4,Gasoline,0,6-Spd Aisin F21-250 PHEV Auto Trans,Hornet R/T Plus Eawd,SUV,4,Hot Tamale,Black,All-wheel Drive
423,2024 Jeep Grand Cherokee 4xe Trailhawk,Jeep,Grand Cherokee 4xe,2024,67164,16V GDI DOHC Turbo Hybrid,4,Hybrid,29,8-Speed Automatic,Trailhawk,SUV,4,Metallic,Global Black,Four-wheel Drive
424,2024 Jeep Grand Cherokee L Overland,Jeep,Grand Cherokee L,2024,67105,"ar 3.6L V-6 DOHC, VVT variable valve control, regular unl",6,Gasoline,3,Automatic,Overland,SUV,4,Baltic Gray Metallic Clearcoat,Global Black,Four-wheel Drive
425,2024 Chevrolet Silverado 2500 WT,Chevrolet,Silverado 2500,2024,48995,"8 gasoline direct injection, variable valve control, regu",8,Gasoline,31,Automatic,WT,Pickup Truck,4,Wheatland Yellow,Jet Black,Rear-wheel Drive
426,2023 Dodge Durango Pursuit,Dodge,Durango,2023,47165,16V MPFI OHV,8,Gasoline,31,8-Speed Automatic,Pursuit,SUV,4,White Knuckle Clearcoat,Black,All-wheel Drive
427,2024 Mazda CX-90 PHEV Premium,Mazda,CX-90 PHEV,2024,54949,DOHC 16V LEV3-SULEV30,4,PHEV Hybrid Fuel,9,Automatic,Premium,SUV,4,Red,Greige,All-wheel Drive
428,2024 GMC Terrain Denali,GMC,Terrain,2024,44120,"4 gasoline direct injection, DOHC, variable valve control",4,Gasoline,0,Automatic,Denali,SUV,4,Ebony,Jet Blk,All-wheel Drive
429,2024 Kia Seltos S,Kia,Seltos,2024,28535,16V MPFI DOHC,4,Gasoline,15,Automatic CVT,S,SUV,4,White,,All-wheel Drive
430,2024 Jeep Wagoneer Series II,Jeep,Wagoneer,2024,74600,24V GDI DOHC Twin Turbo,6,Gasoline,10,8-Speed Automatic,Series II,SUV,4,White,Global Black,Four-wheel Drive
431,2024 Hyundai Tucson Hybrid Blue,Hyundai,Tucson Hybrid,2024,33089,16V GDI DOHC Turbo Hybrid,4,Hybrid,25,6-Speed Automatic,Blue,SUV,4,Amazon Gray,Gray,All-wheel Drive
432,2024 Dodge Hornet R/T Plus,Dodge,Hornet,2024,45141,16V GDI DOHC Turbo Hybrid,4,Hybrid,5,6-Speed Automatic,R/T Plus,SUV,4,Blue Steel,Black,All-wheel Drive
433,2024 Mercedes-Benz Sprinter 2500 Crew 144 WB,Mercedes-Benz,Sprinter 2500,2024,66902,"diesel direct injection, DOHC, intercooled turbo, diesel,",4,Diesel,10,Automatic,Crew 144 WB,Cargo Van,3,Gray,,Rear-wheel Drive
434,2024 Jeep Wagoneer Series II,Jeep,Wagoneer,2024,84935,24V GDI DOHC Twin Turbo,6,Gasoline,1,8-Speed Automatic,Series II,SUV,4,Velvet Red Pearlcoat,Global Black,Four-wheel Drive
435,2024 RAM 3500 Tradesman,RAM,3500,2024,60925,24V DDI OHV Turbo Diesel,6,Diesel,10,Automatic,Tradesman,Pickup Truck,4,Delmonico Red Pearlcoat,Black,Four-wheel Drive
436,2024 Dodge Hornet R/T,Dodge,Hornet,2024,39763,16V GDI DOHC Turbo Hybrid,4,Hybrid,0,6-Speed Automatic,R/T,SUV,4,Gold,Black,All-wheel Drive
437,2024 Subaru Outback Wilderness,Subaru,Outback,2024,44354,16V GDI DOHC Turbo,4,Gasoline,,Automatic CVT,Wilderness,SUV,4,Magnetite,Gray,All-wheel Drive
438,2024 Ford Explorer Timberline,Ford,Explorer,2024,53190,16V GDI DOHC Turbo,4,Gasoline,15,10-Speed Automatic,Timberline,SUV,4,Star White,Ebony,Four-wheel Drive
439,2024 Jeep Wagoneer Base,Jeep,Wagoneer,2024,63057,24V GDI DOHC Twin Turbo,6,Gasoline,,8-Speed Automatic,Base,SUV,4,Metallic,Black,Four-wheel Drive
440,2024 BMW X3 sDrive30i,BMW,X3,2024,49395,"gasoline direct injection, DOHC, variable valve control,",4,Gasoline,5,8-Speed Automatic Sport,sDrive30i,SUV,4,Jet Black,Cognac,Rear-wheel Drive
441,2024 Hyundai IONIQ 5 Limited,Hyundai,IONIQ 5,2024,52515,c,,Electric,5,1-Speed Automatic,Limited,SUV,4,Gold,Black,All-wheel Drive
442,2024 Dodge Hornet R/T,Dodge,Hornet,2024,42876,16V GDI DOHC Turbo Hybrid,4,Hybrid,147,6-Speed Automatic,R/T,SUV,4,8 BALL,Black,All-wheel Drive
443,2023 Dodge Durango R/T,Dodge,Durango,2023,53995,16V MPFI OHV,8,Gasoline,12,8-Speed Automatic,R/T,SUV,4,DB Black Clearcoat,Black,All-wheel Drive
444,2024 Hyundai Sonata Hybrid Limited,Hyundai,Sonata Hybrid,2024,38870,16V GDI DOHC Hybrid,4,Hybrid,9,6-Speed Automatic,Limited,Sedan,4,Red,Black,Front-wheel Drive
445,2024 Hyundai IONIQ 5 SEL,Hyundai,IONIQ 5,2024,46246,c,,Electric,7,1-Speed Automatic,SEL,SUV,4,Cyber Gray,Gray,All-wheel Drive
446,2024 Mercedes-Benz GLE 350 Base 4MATIC,Mercedes-Benz,GLE 350,2024,,16V GDI DOHC Turbo,4,Gasoline,10,9-Speed Automatic,Base 4MATIC,SUV,4,Black,Black,All-wheel Drive
447,2024 Ford Maverick Lariat,Ford,Maverick,2024,41045,16V GDI DOHC Turbo,4,Gasoline,4,8-Speed Automatic,Lariat,Pickup Truck,4,Cactus Green / Gray,,All-wheel Drive
448,2024 Hyundai Santa Cruz 2.5L SE,Hyundai,Santa Cruz,2024,30490,16V PDI DOHC,4,Gasoline,1,8-Speed Automatic,2.5L SE,Pickup Truck,4,Atlas,Gray,All-wheel Drive
449,2024 Mazda CX-90 PHEV Base,Mazda,CX-90 PHEV,2024,56995,"TIV-G 2.5L I-4 gasoline direct injection, DOHC, variable",4,Gasoline,30,Automatic,Base,SUV,4,Rhodium White Premium,Black,All-wheel Drive
450,2024 Chrysler Pacifica Touring-L,Chrysler,Pacifica,2024,46450,24V MPFI DOHC,6,Gasoline,42,9-Speed Automatic,Touring-L,Passenger Van,4,Bright White Clearcoat,Black,All-wheel Drive
451,2024 Jeep Grand Cherokee L Limited,Jeep,Grand Cherokee L,2024,55020,OHV,6,Gasoline,5,8-Speed Automatic,Limited,SUV,4,Metallic,Global Black,Four-wheel Drive
452,2024 Jeep Compass Limited,Jeep,Compass,2024,34084,DOHC,4,Gasoline,12,8-Speed Automatic,Limited,SUV,4,Baltic Gray Metallic Clearcoat,Black,Four-wheel Drive
453,2024 Jeep Wagoneer Series II,Jeep,Wagoneer,2024,79487,24V GDI DOHC Twin Turbo,6,Gasoline,18,8-Speed Automatic,Series II,SUV,4,Riverrock Green,Black,Four-wheel Drive
454,2023 Ford Mustang Mach-E GT,Ford,Mustang Mach-E,2023,50473,c,,Electric,12,1-Speed Automatic,GT,SUV,4,Rapid Red Metallic Tinted Clearcoat,Gray,All-wheel Drive
455,2023 Dodge Durango Pursuit,Dodge,Durango,2023,46835,16V MPFI OHV,8,Gasoline,32,8-Speed Automatic,Pursuit,SUV,4,White Knuckle Clearcoat,Black,All-wheel Drive
456,2024 Mercedes-Benz GLE 450 4MATIC,Mercedes-Benz,GLE 450,2024,75925,24V GDI DOHC Turbo,6,Gasoline,7,9-Speed Automatic,4MATIC,SUV,4,Polar White,Black,All-wheel Drive
457,2024 Jeep Grand Cherokee 4xe Base,Jeep,Grand Cherokee 4xe,2024,62343,16V GDI DOHC Turbo Hybrid,4,Hybrid,11,8-Speed Automatic,Base,SUV,4,Bright White Clearcoat,Global Black,Four-wheel Drive
458,2024 RAM ProMaster 1500 Low Roof,RAM,ProMaster 1500,2024,48822,24V MPFI DOHC,6,Gasoline,12,9-Speed Automatic,Low Roof,Cargo Van,3,Bright White Clearcoat,Black,Front-wheel Drive
459,2024 Kia Niro EX,Kia,Niro,2024,31860,"4 gasoline direct injection, DOHC, variable valve control",4,Gasoline,17,A/T,EX,SUV,4,Snow White Pearl,Medium Gray,Front-wheel Drive
460,2024 Kia Sportage SX,Kia,Sportage,2024,34985,16V PDI DOHC,4,Gasoline,10,8-Speed Automatic,SX,SUV,4,Wolf Gray,Black,Front-wheel Drive
461,2024 Hyundai Tucson Hybrid Limited,Hyundai,Tucson Hybrid,2024,39832,16V GDI DOHC Turbo Hybrid,4,Hybrid,25,6-Speed Automatic,Limited,SUV,4,Black Pearl,Gray,All-wheel Drive
462,2023 Dodge Durango Pursuit,Dodge,Durango,2023,46835,16V MPFI OHV,8,Gasoline,23,8-Speed Automatic,Pursuit,SUV,4,White Knuckle Clearcoat,Black,All-wheel Drive
463,2024 Hyundai IONIQ 5 SEL,Hyundai,IONIQ 5,2024,42201,c,,Electric,8,Automatic,SEL,SUV,4,Gold,Gray,Rear-wheel Drive
464,2024 Ford Bronco Sport Big Bend,Ford,Bronco Sport,2024,30020,oBoost,3,Gasoline,0,8-Speed Automatic,Big Bend,SUV,4,Oxford White,Ebony,Four-wheel Drive
465,2024 RAM 3500 Laramie,RAM,3500,2024,89555,24V DDI OHV Turbo Diesel,6,Diesel,12,Automatic,Laramie,Pickup Truck,4,Pearl White,Black,Four-wheel Drive
466,2024 RAM ProMaster 3500 Base,RAM,ProMaster 3500,2024,68095,24V MPFI DOHC,6,Gasoline,188,9-Speed Automatic,Base,Cargo Van,3,Bright White Clearcoat,Black,Front-wheel Drive
467,2024 Lincoln Corsair Reserve,Lincoln,Corsair,2024,51361,16V GDI DOHC Turbo,4,Gasoline,3,8-Speed Automatic,Reserve,SUV,4,Infinite Black Metallic,Ebony,All-wheel Drive
468,2024 Ford Mustang Mach-E Premium,Ford,Mustang Mach-E,2024,47790,c,,Electric,5,1-Speed Automatic,Premium,SUV,4,Vapor Blue,Black,All-wheel Drive
469,2024 Ford Transit-250 Base,Ford,Transit-250,2024,64025,"6 port/direct injection, DOHC, variable valve control, re",6,Gasoline,0,Automatic,Base,Cargo Van,3,Oxford White,Dk Palazzo Gry Clth Front,All-wheel Drive
470,2024 Dodge Hornet R/T,Dodge,Hornet,2024,,16V GDI DOHC Turbo Hybrid,4,Hybrid,21,6-Speed Automatic,R/T,SUV,4,Gray,Black,All-wheel Drive
471,2024 Jeep Grand Cherokee L Laredo,Jeep,Grand Cherokee L,2024,46659,OHV,6,Gasoline,10,8-Speed Automatic,Laredo,SUV,4,Diamond Black,Global Black,Four-wheel Drive
472,2024 Jeep Compass Latitude,Jeep,Compass,2024,35835,16V GDI DOHC Turbo,4,Gasoline,14,8-Speed Automatic,Latitude,SUV,4,White,,Four-wheel Drive
473,2024 Jeep Wagoneer Series III,Jeep,Wagoneer,2024,89595,24V GDI DOHC Twin Turbo,6,Gasoline,1,8-Speed Automatic,Series III,SUV,4,Bright White Clearcoat,Global Black,Four-wheel Drive
474,2024 Chevrolet Silverado 1500 LT,Chevrolet,Silverado 1500,2024,49628,16V GDI OHV,8,Gasoline,2,Automatic,LT,Pickup Truck,4,Radiant Red,Jet Black,Four-wheel Drive
475,2024 RAM 3500 Laramie,RAM,3500,2024,81663,24V DDI OHV Turbo Diesel,6,Diesel,10,6-Speed Automatic,Laramie,Pickup Truck,4,Silver,Black,Four-wheel Drive
476,2024 Kia Sportage S,Kia,Sportage,2024,30034,"4 port/direct injection, DOHC, CVVT variable valve contro",4,Gasoline,0,8-Speed Automatic,S,SUV,4,Gray,Gry Lthette,Front-wheel Drive
477,2023 Dodge Durango Pursuit,Dodge,Durango,2023,44790,24V MPFI DOHC,6,Gasoline,32,8-Speed Automatic,Pursuit,SUV,4,DB Black Crystal Clearcoat,Black,All-wheel Drive
478,2024 RAM 3500 Tradesman,RAM,3500,2024,64516,oled Turbo Diesel I-6 6.7 L/408,6,Diesel,14,Automatic,Tradesman,Pickup Truck,4,Granite Crystal Metallic Clearcoat,Black,Four-wheel Drive
479,2025 Mazda CX-70 3.3 Turbo S Premium,Mazda,CX-70,2025,54620,o,6,Gasoline,0,8-Speed Automatic,3.3 Turbo S Premium,SUV,4,41w,Red,All-wheel Drive
480,2024 INFINITI QX50 LUXE,INFINITI,QX50,2024,48350,"o 2L I-4 port/direct injection, DOHC, variable valve cont",4,Gasoline,3,Variable,LUXE,SUV,4,Slate Gray,Pebble Gray,Front-wheel Drive
481,2024 Volkswagen Taos 1.5T SE,Volkswagen,Taos,2024,30618,16V GDI DOHC Turbo,4,Gasoline,7,7-Speed DSGA? Automatic w/ 4MO,1.5T SE,SUV,4,Pure White,Gray,All-wheel Drive
482,2024 Hyundai Kona Limited,Hyundai,Kona,2024,33969,16V GDI DOHC Turbo,4,Gasoline,0,8-Speed Automatic,Limited,SUV,4,Red Metallic,Gray,Front-wheel Drive
483,2024 Dodge Hornet R/T,Dodge,Hornet,2024,43490,16V GDI DOHC Turbo Hybrid,4,Hybrid,18,6-Speed Automatic,R/T,SUV,4,Gray,Black,All-wheel Drive
484,2024 Kia Soul S,Kia,Soul,2024,21000,"DOHC, D-CVVT variable valve control, regular unleaded, en",4,Gasoline,5,Automatic,S,Hatchback,4,Midnight Sapphire,Black,Front-wheel Drive
485,2024 Dodge Hornet GT,Dodge,Hornet,2024,34698,16V GDI DOHC Turbo,4,Gasoline,10,9-Speed Automatic,GT,SUV,4,Gold,Black,All-wheel Drive
486,2024 Mercedes-Benz EQS 450 Base 4MATIC,Mercedes-Benz,EQS 450,2024,114850,c,,Electric,8,1-Speed Automatic,Base 4MATIC,SUV,4,,Black,All-wheel Drive
487,2024 Honda Odyssey Elite,Honda,Odyssey,2024,48187,24V GDI SOHC,6,Gasoline,4,10-Speed Automatic,Elite,Passenger Van,4,Radiant Red Metallic II,Beige,Front-wheel Drive
488,2024 Jeep Compass Latitude,Jeep,Compass,2024,36331,16V GDI DOHC Turbo,4,Gasoline,17,8-Speed Automatic,Latitude,SUV,4,Silver Zynith,Black,Four-wheel Drive
489,2024 RAM ProMaster 3500 Base,RAM,ProMaster 3500,2024,68095,24V MPFI DOHC,6,Gasoline,186,9-Speed Automatic,Base,Cargo Van,3,Bright White Clearcoat,Black,Front-wheel Drive
490,2024 Hyundai Tucson Hybrid SEL Convenience,Hyundai,Tucson Hybrid,2024,36882,16V GDI DOHC Turbo Hybrid,4,Hybrid,11,6-Speed Automatic,SEL Convenience,SUV,4,White Pearl,Gray,All-wheel Drive
491,2024 Jeep Grand Cherokee Laredo,Jeep,Grand Cherokee,2024,47530,OHV,6,Gasoline,5,8-Speed Automatic,Laredo,SUV,4,Diamond Black,Global Black,Four-wheel Drive
492,2024 Jeep Compass Latitude,Jeep,Compass,2024,28860,16V GDI DOHC Turbo,4,Gasoline,7,8-Speed Automatic,Latitude,SUV,4,Metallic,Black,Four-wheel Drive
493,2024 Ford Bronco Wildtrak,Ford,Bronco,2024,69035,24V PDI DOHC Twin Turbo,6,Gasoline,9,10-Speed Automatic,Wildtrak,SUV,4,Azure Gray Metallic,Medium Sandstone,Four-wheel Drive
494,2024 Ford Escape Active,Ford,Escape,2024,36860,"t 1.5L I-3 port/direct injection, DOHC, Ti-VCT variable v",3,Gasoline,8,8-Speed A/T,Active,SUV,4,Vapor Blue Metallic,Ebony,All-wheel Drive
495,2024 Nissan Altima 2.5 SV,Nissan,Altima,2024,31225,16V GDI DOHC,4,Gasoline,6,Automatic CVT,2.5 SV,Sedan,4,Black,Charcoal,Front-wheel Drive
496,2024 Mazda CX-90 PHEV Premium,Mazda,CX-90 PHEV,2024,56079,16V GDI DOHC Hybrid,4,Hybrid,0,8-Speed Automatic,Premium,SUV,4,Rhodium White Metallic,Black,All-wheel Drive
497,2023 Dodge Durango Pursuit,Dodge,Durango,2023,46835,16V MPFI OHV,8,Gasoline,32,8-Speed Automatic,Pursuit,SUV,4,White Knuckle Clearcoat,Black,All-wheel Drive
498,2024 Hyundai Elantra HEV Limited,Hyundai,Elantra HEV,2024,30870,16V GDI DOHC Hybrid,4,Hybrid,9,Automatic,Limited,Sedan,4,White,Black,Front-wheel Drive
499,2024 Jeep Wrangler 4xe Sport,Jeep,Wrangler 4xe,2024,49550,16V GDI DOHC Turbo Hybrid,4,Hybrid,5,8-Speed Automatic,Sport,SUV,4,Anvil Clearcoat,Black,Four-wheel Drive
500,2024 Hyundai Santa Cruz 2.5L SEL,Hyundai,Santa Cruz,2024,31610,16V PDI DOHC,4,Gasoline,3,8-Speed Automatic,2.5L SEL,Pickup Truck,4,Sage Gray,Black,All-wheel Drive
501,2024 Acura ZDX A-SPEC,Acura,ZDX,2024,69850,c,0,Electric,0,Automatic,A-SPEC,SUV,4,,,All-wheel Drive
502,2024 Chevrolet Blazer EV RS,Chevrolet,Blazer EV,2024,55090,c,,Electric,9,1-Speed Automatic,RS,SUV,4,Radiant Red,Black,All-wheel Drive
503,2024 Dodge Hornet R/T Plus,Dodge,Hornet,2024,52180,16V GDI DOHC Turbo Hybrid,4,Hybrid,10,6-Speed Automatic,R/T Plus,SUV,4,Blue Steel,Black,All-wheel Drive
504,2024 Mercedes-Benz EQS 450 Base 4MATIC,Mercedes-Benz,EQS 450,2024,110395,c,,Electric,5,Automatic,Base 4MATIC,Sedan,4,Obsidian Black Metallic,Black,All-wheel Drive
505,2024 Hyundai Santa Fe XRT,Hyundai,Santa Fe,2024,42455,Turbo DOHC,4,Gasoline,1,Automatic,XRT,SUV,,Shimmering Silver,Black,All-wheel Drive
506,2024 RAM 3500 Laramie Crew Cab 4x4 8' Box,RAM,3500,2024,83940,"6.7L I-6 diesel direct injection, VVT intercooled turbo,",6,Diesel,6,Automatic,Laramie Crew Cab 4x4 8&#39; Box,Pickup Truck,4,Patriot Blue Pearlcoat,Black,Four-wheel Drive
507,2024 Mazda CX-90 PHEV Premium,Mazda,CX-90 PHEV,2024,54949,DOHC 16V LEV3-SULEV30,4,PHEV Hybrid Fuel,8,Automatic,Premium,SUV,4,Soul,Black,All-wheel Drive
508,2024 Kia Sportage SX-Prestige,Kia,Sportage,2024,35195,16V PDI DOHC,4,Gasoline,10,8-Speed Automatic,SX-Prestige,SUV,4,Ebony Black,Black,Front-wheel Drive
509,2024 Mazda CX-90 PHEV Preferred,Mazda,CX-90 PHEV,2024,50675,16V GDI DOHC Hybrid,4,Hybrid,0,8-Speed Automatic,Preferred,SUV,4,Rhodium White Metallic,Black,All-wheel Drive
510,2024 Nissan Kicks SR,Nissan,Kicks,2024,26335,16V MPFI DOHC,4,Gasoline,12,Automatic CVT,SR,SUV,4,Boulder Gray Metallic,Charcoal,Front-wheel Drive
511,2024 RAM 3500 Tradesman,RAM,3500,2024,64965,oled Turbo Diesel I-6 6.7 L/408,6,Diesel,16,Automatic,Tradesman,Pickup Truck,4,Granite Crystal Metallic Clearcoat,Diesel Gray/Black,Four-wheel Drive
512,2024 Ford Expedition Limited,Ford,Expedition,2024,84190,24V PDI DOHC Twin Turbo,6,Gasoline,6,10-Speed Automatic,Limited,SUV,4,White,Black Onyx,Four-wheel Drive
513,2024 Mazda CX-90 PHEV Premium,Mazda,CX-90 PHEV,2024,54949,DOHC 16V LEV3-SULEV30,4,PHEV Hybrid Fuel,8,Automatic,Premium,SUV,4,Gray,Black,All-wheel Drive
514,2024 Volkswagen Taos 1.5T SE,Volkswagen,Taos,2024,28193,16V GDI DOHC Turbo,4,Gasoline,4,8-Speed Automatic,1.5T SE,SUV,4,Deep Black Pearl Effect,Black,Front-wheel Drive
515,2024 Chevrolet Silverado 1500 RST,Chevrolet,Silverado 1500,2024,54559,16V GDI OHV,8,Gasoline,148,Automatic,RST,Pickup Truck,4,Sterling Gray Metallic,Jet Black,Four-wheel Drive
516,2024 Hyundai Santa Cruz 2.5L SEL,Hyundai,Santa Cruz,2024,34330,16V PDI DOHC,4,Gasoline,11,8-Speed Automatic,2.5L SEL,Pickup Truck,4,Atlas,Gray,All-wheel Drive
517,2024 GMC Sierra 2500 Denali,GMC,Sierra 2500,2024,90220,32V DDI OHV Turbo Diesel,8,Diesel,0,10-Speed Automatic,Denali,Pickup Truck,4,Onyx Black,Jet Black,Four-wheel Drive
518,2024 Ford Edge SE,Ford,Edge,2024,39025,"t 2L I-4 gasoline direct injection, DOHC, variable valve",4,Gasoline,5,Automatic,SE,SUV,4,Carbonized Gray Metallic,Ebony,All-wheel Drive
519,2024 Hyundai IONIQ 5 SEL,Hyundai,IONIQ 5,2024,45842,c,,Electric,5,1-Speed Automatic,SEL,SUV,4,Atlas,Black,All-wheel Drive
520,2024 Kia Sorento Hybrid EX,Kia,Sorento Hybrid,2024,39390,"4 gasoline direct injection, DOHC, variable valve control",4,Hybrid,10,Automatic,EX,SUV,4,Steel Gray,,Front-wheel Drive
521,2024 Hyundai Palisade SEL,Hyundai,Palisade,2024,47100,24V GDI DOHC,6,Gasoline,26,8-Speed Automatic,SEL,SUV,4,Hyper White,Black,All-wheel Drive
522,2024 Hyundai Tucson Hybrid Limited,Hyundai,Tucson Hybrid,2024,42230,16V GDI DOHC Turbo Hybrid,4,Hybrid,5,6-Speed Automatic,Limited,SUV,4,White Pearl,Black,All-wheel Drive
523,2024 Audi A5 Sportback S line Premium,Audi,A5 Sportback,2024,52405,16V GDI DOHC Turbo,4,Gasoline,10,7-Speed Automatic with Auto-Shift,S line Premium,Hatchback,4,Glacier White Metallic,Black,All-wheel Drive
524,2024 Kia EV6 Wind,Kia,EV6,2024,41528,c,,Electric,14,Automatic,Wind,SUV,4,Gray,Black,All-wheel Drive
525,2024 Chevrolet Silverado 1500 WT,Chevrolet,Silverado 1500,2024,47410,16V GDI OHV,8,Gasoline,5,10-Speed Automatic,WT,Pickup Truck,4,Summit White,Jet Black,Four-wheel Drive
526,2024 Acura MDX Advance,Acura,MDX,2024,65595,24V GDI SOHC,6,Gasoline,16,10-Speed Automatic,Advance,SUV,4,Gray,,All-wheel Drive
527,2024 Jeep Grand Cherokee L Limited,Jeep,Grand Cherokee L,2024,49390,OHV,6,Gasoline,,8-Speed Automatic,Limited,SUV,4,Diamond Black,Global Black,Four-wheel Drive
528,2024 Kia Sportage EX,Kia,Sportage,2024,30740,16V PDI DOHC,4,Gasoline,1,8-Speed Automatic,EX,SUV,4,Black,Black,Front-wheel Drive
529,2024 GMC Yukon XL Denali,GMC,Yukon XL,2024,96410,"6.2L V-8 gasoline direct injection, variable valve contr",8,Gasoline,0,Automatic,Denali,SUV,4,Summit White,Teak/Light Shale,Four-wheel Drive
530,2024 Jeep Grand Cherokee 4xe Anniversary Edition,Jeep,Grand Cherokee 4xe,2024,61506,"gasoline direct injection, DOHC, intercooled turbo, premi",4,Gasoline,3,Automatic,Anniversary Edition,SUV,4,Diamond Black Crystal Pearlcoat,Global Black,Four-wheel Drive
531,2024 Jeep Wrangler 4xe Sport S,Jeep,Wrangler 4xe,2024,51083,"gasoline direct injection, DOHC, intercooled turbo, premi",4,Gasoline,3,8-Speed A/T,Sport S,SUV,4,Bright White Clearcoat,Black,Four-wheel Drive
532,2024 RAM 3500 Tradesman,RAM,3500,2024,62154,16V MPFI OHV,8,Gasoline,197,8-Speed Automatic,Tradesman,Pickup Truck,2,Bright White Clearcoat,Diesel Gray / Black,Four-wheel Drive
533,2024 Chevrolet Equinox EV RS,Chevrolet,Equinox EV,2024,47495,"<dt>VIN</dt>
     3GN7DNRPXRS232327",,,0,Automatic,RS,SUV,,Sterling Gray Metallic,Black,Front-wheel Drive
534,2024 Dodge Hornet R/T Plus,Dodge,Hornet,2024,47234,16V GDI DOHC Turbo Hybrid,4,Hybrid,0,6-Speed Automatic,R/T Plus,SUV,4,Gold,Black,All-wheel Drive
535,2024 Nissan Murano SL,Nissan,Murano,2024,46510,24V MPFI DOHC,6,Gasoline,6,Automatic CVT,SL,SUV,4,Scarlet Ember,Graphite,All-wheel Drive
536,2024 Volkswagen Jetta 1.5T SE,Volkswagen,Jetta,2024,25923,16V GDI DOHC Turbo,4,Gasoline,25,8-Speed Automatic,1.5T SE,Sedan,4,Opal White Pearl Effect,Black,Front-wheel Drive
537,2024 Honda Odyssey Elite,Honda,Odyssey,2024,48364,24V GDI SOHC,6,Gasoline,4,10-Speed Automatic,Elite,Passenger Van,4,Lunar Silver Metallic,Gray,Front-wheel Drive
538,2024 Ford Escape ST-Line,Ford,Escape,2024,30798,12V PDI DOHC Turbo,3,Gasoline,8,Automatic,ST-Line,SUV,4,Agate Black Metallic,Red,Front-wheel Drive
539,2024 Dodge Hornet R/T Plus,Dodge,Hornet,2024,51585,16V GDI DOHC Turbo Hybrid,4,Hybrid,10,6-Speed Automatic,R/T Plus,SUV,4,8 BALL,Black,All-wheel Drive
540,2024 Acura MDX Base,Acura,MDX,2024,52950,24V GDI SOHC,6,Gasoline,3,10-Speed Automatic,Base,SUV,4,Gray,,All-wheel Drive
541,2024 Jeep Grand Cherokee L Limited,Jeep,Grand Cherokee L,2024,59674,"ar 3.6L V-6 DOHC, variable valve control, regular unleade",6,Gasoline,8,Automatic,Limited,SUV,4,Diamond Black Crystal Pearlcoat,Global Black,Four-wheel Drive
542,2024 Volkswagen Jetta 1.5T S,Volkswagen,Jetta,2024,22260,16V GDI DOHC Turbo,4,Gasoline,28,8-Speed Automatic,1.5T S,Sedan,4,Pyrite Silver Metallic,Titan Black,Front-wheel Drive
543,2024 Nissan Titan SV,Nissan,Titan,2024,47105,Unleaded V-8 5.6 L/339,8,Gasoline,5,Automatic,SV,Pickup Truck,4,Glacier White,Black,Four-wheel Drive
544,2024 BMW i4 Gran Coupe eDrive40,BMW,i4 Gran Coupe,2024,69685,c,,Electric,5,1-Speed Automatic,eDrive40,Hatchback,4,Black,Tacora Red,Rear-wheel Drive
545,2024 Audi RS e-tron GT quattro,Audi,RS e-tron GT,2024,153690,c ZEV,,Electric,10,1-Speed Automatic,quattro,Sedan,4,Tactical Green Metallic,Black,All-wheel Drive
546,2024 Dodge Hornet R/T,Dodge,Hornet,2024,,16V GDI DOHC Turbo Hybrid,4,Hybrid,18,6-Speed Automatic,R/T,SUV,4,HOT TAMALE,Black,All-wheel Drive
547,2024 Mazda CX-90 PHEV Premium,Mazda,CX-90 PHEV,2024,54949,DOHC 16V LEV3-SULEV30,4,PHEV Hybrid Fuel,9,Automatic,Premium,SUV,4,Artisan Red Premium,Black,All-wheel Drive
548,2023 Kia Sorento SX,Kia,Sorento,2023,48861,"4 port/direct injection, DOHC, variable valve control, in",4,Gasoline,16,Automatic,SX,SUV,4,Wolf Gray,Black,All-wheel Drive
549,2024 Nissan Kicks SR,Nissan,Kicks,2024,25410,16V MPFI DOHC,4,Gasoline,12,Automatic CVT,SR,SUV,4,Boulder Gray Metallic,Charcoal,Front-wheel Drive
550,2024 Ford Escape S,Ford,Escape,2024,41765,der,4,Hybrid,0,CVT,S,SUV,4,Star White Metallic Tri-Coat,Ebony,Front-wheel Drive
551,2023 Jeep Compass Sport,Jeep,Compass,2023,25999,"gasoline direct injection, DOHC, variable valve control,",4,Gasoline,14,Automatic,Sport,SUV,4,Billet Silver Metallic Clearcoat,Black,Four-wheel Drive
552,2024 Jeep Compass Limited,Jeep,Compass,2024,34084,DOHC,4,Gasoline,12,8-Speed Automatic,Limited,SUV,4,Hydro Blue Pearlcoat,Black,Four-wheel Drive
553,2024 Jeep Compass Latitude,Jeep,Compass,2024,35999,16V GDI DOHC Turbo,4,Gasoline,0,8-Speed Automatic,Latitude,SUV,4,Metallic,Black,Four-wheel Drive
554,2024 Ford Escape Active,Ford,Escape,2024,29305,12V PDI DOHC Turbo,3,Gasoline,10,8-Speed Automatic,Active,SUV,4,Carbonized Gray Metallic,Ebony,Front-wheel Drive
555,2024 Ford Bronco Sport Big Bend,Ford,Bronco Sport,2024,35010,12V PDI DOHC Turbo,3,Gasoline,10,8-Speed Automatic,Big Bend,SUV,4,Hot Pepper Red Metallic Tinted Clearcoat,Ebony,Four-wheel Drive
556,2024 BMW X7 xDrive40i,BMW,X7,2024,94895,24V GDI DOHC Turbo,6,Gasoline,1946,8-Speed Automatic,xDrive40i,SUV,4,Tanzanite Blue II Metallic,Silverstone,All-wheel Drive
557,2024 Acura MDX Base,Acura,MDX,2024,51645,24V GDI SOHC,6,Gasoline,5,10-Speed Automatic,Base,SUV,4,White,,Front-wheel Drive
558,2024 BMW 530 i,BMW,530,2024,,16V GDI DOHC Turbo,4,Gasoline,5,8-Speed Automatic,i,Sedan,4,Mineral White Metallic,Espresso,Rear-wheel Drive
559,2024 Ford Edge SE,Ford,Edge,2024,,16V GDI DOHC Turbo,4,Gasoline,1342,8-Speed Automatic,SE,SUV,4,Metallic,Ebony,All-wheel Drive
560,2024 Mazda CX-90 PHEV Base,Mazda,CX-90 PHEV,2024,51700,"TIV-G 2.5L I-4 gasoline direct injection, DOHC, variable",4,Gasoline,5,8-Speed Automatic,Base,SUV,4,Deep Crystal Blue Mica,Black,All-wheel Drive
561,2024 Hyundai Tucson Hybrid Limited,Hyundai,Tucson Hybrid,2024,40979,16V GDI DOHC Turbo Hybrid,4,Hybrid,12,6-Speed Automatic,Limited,SUV,4,Amazon Gray,Black,All-wheel Drive
562,2024 Jeep Compass Latitude,Jeep,Compass,2024,37743,16V GDI DOHC Turbo,4,Gasoline,0,8-Speed Automatic,Latitude,SUV,4,Metallic,Black,Four-wheel Drive
563,2024 RAM ProMaster 2500 High Roof,RAM,ProMaster 2500,2024,53445,24V MPFI DOHC,6,Gasoline,6,9-Speed Automatic,High Roof,Cargo Van,3,Bright Silver Clearcoat Metallic,Black,Front-wheel Drive
564,2024 RAM 3500 Laramie,RAM,3500,2024,93303,oled Turbo Diesel I-6 6.7 L/408,6,Diesel,10,Automatic,Laramie,Pickup Truck,4,Granite Crystal Metallic Clearcoat,Black,Four-wheel Drive
565,2024 Hyundai Tucson SEL,Hyundai,Tucson,2024,32750,16V PDI DOHC,4,Gasoline,3425,8-Speed Automatic,SEL,SUV,4,White Pearl,Gray,Front-wheel Drive
566,2024 Jeep Grand Cherokee L Laredo,Jeep,Grand Cherokee L,2024,48201,OHV,6,Gasoline,10,8-Speed Automatic,Laredo,SUV,4,Silver Zynith,Global Black,Four-wheel Drive
567,2024 Ford Transit-250 Base,Ford,Transit-250,2024,52853,"6 port/direct injection, DOHC, variable valve control, re",6,Gasoline,0,Automatic,Base,Cargo Van,3,Oxford White,Dk Palazzo Gry Fron,Rear-wheel Drive
568,2024 Chevrolet Equinox 1LT,Chevrolet,Equinox,2024,34472,16V GDI DOHC Turbo,4,Gasoline,6,6-Speed Automatic,1LT,SUV,4,Radiant Red,Jet Black,All-wheel Drive
569,2024 RAM 3500 Laramie,RAM,3500,2024,77085,oled Turbo Diesel I-6 6.7 L/408,6,Diesel,16,Automatic,Laramie,Pickup Truck,4,Pearl White,Black,Four-wheel Drive
570,2024 Mazda CX-90 PHEV Premium,Mazda,CX-90 PHEV,2024,54939,DOHC 16V LEV3-SULEV30,4,PHEV Hybrid Fuel,3,Automatic,Premium,SUV,4,Rhodium,Greige,All-wheel Drive
571,2024 Mercedes-Benz Sprinter 2500 Standard Roof,Mercedes-Benz,Sprinter 2500,2024,59037,16V DDI DOHC Turbo Diesel,4,Diesel,10,9-Speed Automatic,Standard Roof,Cargo Van,3,Arctic White,Black,Rear-wheel Drive
572,2024 Jeep Wrangler 4xe Sport,Jeep,Wrangler 4xe,2024,51845,16V GDI DOHC Turbo Hybrid,4,Hybrid,7,8-Speed Automatic,Sport,SUV,4,Pearlcoat,Black,Four-wheel Drive
573,2024 Hyundai Santa Cruz 2.5T XRT,Hyundai,Santa Cruz,2024,36499,16V PDI DOHC Turbo,4,Gasoline,10,8-Speed Automatic with Auto-Shift,2.5T XRT,Pickup Truck,4,Phantom Black,Black,All-wheel Drive
574,2024 Dodge Hornet GT,Dodge,Hornet,2024,,16V GDI DOHC Turbo,4,Gasoline,8,9-Speed Automatic,GT,SUV,4,Blue,Black,All-wheel Drive
575,2024 Jeep Compass Limited,Jeep,Compass,2024,38980,16V GDI DOHC Turbo,4,Gasoline,9,8-Speed Automatic,Limited,SUV,4,Diamond Black,Black,Four-wheel Drive
576,2024 Nissan Murano SV,Nissan,Murano,2024,39867,24V MPFI DOHC,6,Gasoline,2,Automatic CVT,SV,SUV,4,White,Graphite,Front-wheel Drive
577,2024 Jeep Compass Latitude,Jeep,Compass,2024,26860,16V GDI DOHC Turbo,4,Gasoline,3,8-Speed Automatic,Latitude,SUV,4,Silver Zynith,Black,Four-wheel Drive
578,2024 Hyundai IONIQ 6 SEL,Hyundai,IONIQ 6,2024,48510,c,,Electric,12,Automatic,SEL,Sedan,4,White,Gray,All-wheel Drive
579,2024 Ford Ranger XL,Ford,Ranger,2024,38740,16V GDI DOHC Turbo,4,Gasoline,,10-Speed Automatic,XL,Pickup Truck,4,Carbonized Gray Metallic,Ebony,Four-wheel Drive
580,2024 Jeep Grand Cherokee 4xe Base,Jeep,Grand Cherokee 4xe,2024,63440,16V GDI DOHC Turbo Hybrid,4,Hybrid,5,8-Speed Automatic,Base,SUV,4,Midnight Sky,Global Black,Four-wheel Drive
581,2024 Volkswagen Jetta 1.4T S,Volkswagen,Jetta,2024,23160,"4 gasoline direct injection, DOHC, variable valve control",4,Gasoline,13,8-Speed Automatic with Tiptronic,1.4T S,Sedan,4,Pure White,Titan Black,Front-wheel Drive
582,2024 Chevrolet Blazer EV 2LT,Chevrolet,Blazer EV,2024,51695,c,,Electric,4,1-Speed Automatic,2LT,SUV,4,Sterling Gray Metallic,Black,All-wheel Drive
583,2024 Dodge Hornet R/T Plus,Dodge,Hornet,2024,47142,16V GDI DOHC Turbo Hybrid,4,Hybrid,0,6-Speed Automatic,R/T Plus,SUV,4,Gray,Black,All-wheel Drive
584,2024 Hyundai Tucson Hybrid SEL Convenience,Hyundai,Tucson Hybrid,2024,37805,16V GDI DOHC Turbo Hybrid,4,Hybrid,10,6-Speed Automatic,SEL Convenience,SUV,4,White Pearl,Gray,All-wheel Drive
585,2024 Kia Niro SX Touring,Kia,Niro,2024,37135,16V GDI DOHC Hybrid,4,Hybrid,399,Automatic,SX Touring,SUV,4,Runway Red,Medium Gray,Front-wheel Drive
586,2024 GMC Terrain SLT,GMC,Terrain,2024,35236,16V GDI DOHC Turbo,4,Gasoline,0,9-Speed Automatic,SLT,SUV,4,Ebony Twilight Metallic,Jet Black,All-wheel Drive
587,2024 Dodge Hornet R/T EAWD,Dodge,Hornet,2024,41497,"4 gasoline direct injection, DOHC, Multiair variable valv",4,Gasoline,11,6-Speed Automatic,R/T EAWD,,4,Hot Tamale,Black,All-wheel Drive
588,2024 Honda CR-V Hybrid Sport-L,Honda,CR-V Hybrid,2024,37505,16V GDI DOHC Hybrid,4,Hybrid,0,Automatic CVT,Sport-L,SUV,4,Platinum White Pearl,,Front-wheel Drive
589,2024 Nissan Versa S,Nissan,Versa,2024,17994,16V MPFI DOHC,4,Gasoline,8,Automatic CVT,S,Sedan,4,Electric Blue Metallic,Charcoal,Front-wheel Drive
590,2024 Audi Q8 e-tron S line Premium,Audi,Q8 e-tron,2024,86670,c,,Electric,5,Automatic,S line Premium,SUV,4,Glacier White Metallic,Pearl Beige,All-wheel Drive
591,2024 Kia Niro EX,Kia,Niro,2024,30935,16V GDI DOHC Hybrid,4,Hybrid,11,6-Speed Automatic,EX,SUV,4,Snow White Pearl,Charcoal,Front-wheel Drive
592,2023 Ford Transit Connect XLT,Ford,Transit Connect,2023,38036,"gasoline direct injection, DOHC, iVCT variable valve cont",4,Gasoline,4,8-Speed Automatic,XLT,Cargo Van,4,Frozen White,Ebony,Front-wheel Drive
593,2024 Jeep Wagoneer Base,Jeep,Wagoneer,2024,65928,24V GDI DOHC Twin Turbo,6,Gasoline,,8-Speed Automatic,Base,SUV,4,Bright White Clearcoat,Black,Four-wheel Drive
594,2024 Audi A5 Sportback S line Premium Plus,Audi,A5 Sportback,2024,57835,16V GDI DOHC Turbo,4,Gasoline,12,7-Speed Automatic with Auto-Shift,S line Premium Plus,Hatchback,4,Mythos Black Metallic,Okapi Brown,All-wheel Drive
595,2024 Lincoln Nautilus Reserve,Lincoln,Nautilus,2024,64370,16V GDI DOHC Turbo,4,Gasoline,,8-Speed Automatic,Reserve,SUV,4,Gray Metallic,Black Onyx,All-wheel Drive
596,2024 Hyundai Tucson Hybrid SEL Convenience,Hyundai,Tucson Hybrid,2024,37275,16V GDI DOHC Turbo Hybrid,4,Hybrid,5,6-Speed Automatic,SEL Convenience,SUV,4,Amazon Gray,Gray,All-wheel Drive
597,2024 GMC Yukon XL SLT,GMC,Yukon XL,2024,76648,"5.3L V-8 gasoline direct injection, variable valve contr",8,Gasoline,3,Automatic,SLT,SUV,4,WHITE,,Rear-wheel Drive
598,2024 Jeep Grand Cherokee Laredo,Jeep,Grand Cherokee,2024,40925,"ar 3.6L V-6 DOHC, variable valve control, regular unleade",6,Gasoline,0,Automatic,Laredo,SUV,4,Silver Zynith,Global Black,Four-wheel Drive
599,2024 Kia EV9 Light Long Range,Kia,EV9,2024,52388,c Motor,,Electric,1,1-Speed Automatic,Light Long Range,SUV,4,Aurora Black Pearl,Gray,Rear-wheel Drive
600,2024 Hyundai Tucson Limited,Hyundai,Tucson,2024,40474,"ream 2.5L I-4 port/direct injection, DOHC, CVVT variable",4,Gasoline,5,Automatic,Limited,SUV,4,Shimmering Silver,Gray,All-wheel Drive
601,2024 Mercedes-Benz GLS 450 4MATIC,Mercedes-Benz,GLS 450,2024,95230,24V GDI DOHC Turbo,6,Gasoline,8,9-Speed Automatic,4MATIC,SUV,4,Polar White,Macchiato Beige,All-wheel Drive
602,2024 Ford Transit-350 Base,Ford,Transit-350,2024,74391,"6 port/direct injection, DOHC, variable valve control, re",6,Gasoline,85,Automatic,Base,Cargo Van,3,Oxford White,gray,All-wheel Drive
603,2024 Ford Transit-250 148 WB Medium Roof Cargo,Ford,Transit-250,2024,50486,24V PDI DOHC Flexible Fuel,6,E85 Flex Fuel,24,10-Speed Automatic with Overdrive,148 WB Medium Roof Cargo,Cargo Van,3,Oxford White,Dark Palazzo,Rear-wheel Drive
604,2024 Jeep Wrangler 4xe Sahara,Jeep,Wrangler 4xe,2024,58230,16V GDI DOHC Turbo Hybrid,4,Hybrid,17,8-Speed Automatic,Sahara,SUV,4,Anvil Clearcoat,Black,Four-wheel Drive
605,2024 Jeep Compass Latitude,Jeep,Compass,2024,28860,16V GDI DOHC Turbo,4,Gasoline,9,8-Speed Automatic,Latitude,SUV,4,Metallic,Black,Four-wheel Drive
606,2024 Volkswagen Taos 1.5T S,Volkswagen,Taos,2024,28098,"4 gasoline direct injection, DOHC, variable valve control",4,Gasoline,66,7-Speed DSG Automatic with Tiptronic,1.5T S,SUV,4,Deep Black Pearl,Gray/Black,All-wheel Drive
607,2024 Jeep Compass Sport,Jeep,Compass,2024,27087,16V GDI DOHC Turbo,4,Gasoline,9,8-Speed Automatic,Sport,SUV,4,Diamond Black,Black,Four-wheel Drive
608,2024 Audi Q5 e 55 Premium Plus,Audi,Q5 e,2024,73020,"gasoline direct injection, DOHC, variable valve control,",4,Gasoline,12,7-Speed Automatic S tronic,55 Premium Plus,SUV,4,Gray Metallic,Black,All-wheel Drive
609,2024 Mercedes-Benz GLA 250 Base 4MATIC,Mercedes-Benz,GLA 250,2024,53710,"gasoline direct injection, DOHC, variable valve control,",4,Gasoline,8,8 Speed Dual Clutch,Base 4MATIC,SUV,4,White,,All-wheel Drive
610,2024 Dodge Durango R/T,Dodge,Durango,2024,58709,16V MPFI OHV,8,Gasoline,15,8-Speed Automatic,R/T,SUV,4,Night,Black,All-wheel Drive
611,2024 Dodge Hornet R/T Plus,Dodge,Hornet,2024,44621,16V GDI DOHC Turbo Hybrid,4,Hybrid,0,6-Speed Automatic,R/T Plus,SUV,4,Q BALL,Black,All-wheel Drive
612,2024 Ford Mustang Mach-E Premium,Ford,Mustang Mach-E,2024,46920,c,,Electric,10,1-Speed Automatic,Premium,SUV,4,Green,,All-wheel Drive
613,2024 Ford Mustang Mach-E Premium,Ford,Mustang Mach-E,2024,55485,c,,Electric,3,1-Speed Automatic,Premium,SUV,4,Star White,Gray,All-wheel Drive
614,2024 Acura MDX Technology,Acura,MDX,2024,56345,24V GDI SOHC,6,Gasoline,5,10-Speed Automatic,Technology,SUV,4,Gray,,Front-wheel Drive
615,2024 Dodge Hornet R/T,Dodge,Hornet,2024,42597,16V GDI DOHC Turbo Hybrid,4,Hybrid,5,6-Speed Automatic,R/T,SUV,4,Gray,Black,All-wheel Drive
616,2024 Ford Expedition XLT,Ford,Expedition,2024,70115,24V PDI DOHC Twin Turbo,6,Gasoline,8,10-Speed Automatic,XLT,SUV,4,Black,Black Onyx,Four-wheel Drive
617,2024 Jeep Compass Latitude,Jeep,Compass,2024,28860,16V GDI DOHC Turbo,4,Gasoline,11,8-Speed Automatic,Latitude,SUV,4,Hydro Blue Pearlcoat,Black,Four-wheel Drive
618,2024 Kia Sportage X-Line,Kia,Sportage,2024,35490,16V PDI DOHC,4,Gasoline,10,8-Speed Automatic,X-Line,SUV,4,Gravity Gray,Black,All-wheel Drive
619,2023 Dodge Charger SXT,Dodge,Charger,2023,41890,24V MPFI DOHC,6,Gasoline,18,8-Speed Automatic,SXT,Sedan,4,Silver,Black,All-wheel Drive
620,2024 Jeep Wrangler 4xe Sahara,Jeep,Wrangler 4xe,2024,58648,"gasoline direct injection, DOHC, intercooled turbo, premi",4,Gasoline,3,8-Speed A/T,Sahara,SUV,4,Anvil Clear Coat,Black,Four-wheel Drive
621,2024 Jeep Wrangler 4xe Rubicon X,Jeep,Wrangler 4xe,2024,54490,"gasoline direct injection, DOHC, intercooled turbo, premi",4,Gasoline,2,Automatic,Rubicon X,SUV,4,Bikini Pearl Coat,Black,Four-wheel Drive
622,2024 Hyundai IONIQ 5 Disney100 Platinum Edition,Hyundai,IONIQ 5,2024,54495,c,,Electric,10,1-Speed Automatic,Disney100 Platinum Edition,SUV,4,Gold,Gray,All-wheel Drive
623,2024 Hyundai IONIQ 5 SE,Hyundai,IONIQ 5,2024,42015,c,,Electric,7,1-Speed Automatic,SE,SUV,4,Black,Black,All-wheel Drive
624,2024 BMW i4 Gran Coupe M50,BMW,i4 Gran Coupe,2024,79300,c,,Electric,5,1-Speed Automatic,M50,Hatchback,4,Blue,Oyster,All-wheel Drive
625,2024 Jeep Grand Cherokee Laredo,Jeep,Grand Cherokee,2024,37729,"ar 3.6L V-6 DOHC, variable valve control, regular unleade",6,Gasoline,10,Automatic,Laredo,SUV,4,Diamond Black Crystal Pearlcoat,Global Black,Four-wheel Drive
626,2024 RAM 3500 Big Horn,RAM,3500,2024,78895,"<dt>VIN</dt>
     3C63R3HLXRG198198",6,Diesel,7,Aisin 6-Speed Automatic,Big Horn,Pickup Truck,4,Bright White Clearcoat,Black,Four-wheel Drive
627,2024 Ford Mustang Mach-E Premium,Ford,Mustang Mach-E,2024,46920,c,,Electric,10,1-Speed Automatic,Premium,SUV,4,Shadow Black,Black Onyx,All-wheel Drive
628,2024 Dodge Durango GT,Dodge,Durango,2024,44852,24V MPFI DOHC,6,Gasoline,13,8-Speed Automatic,GT,SUV,4,Vapor Gray,Black,All-wheel Drive
629,2024 Nissan Titan SV,Nissan,Titan,2024,50030,Unleaded V-8 5.6 L/339,8,Gasoline,1,Automatic,SV,Pickup Truck,4,Gun Metallic,Black,Four-wheel Drive
630,2024 Dodge Hornet R/T Plus EAWD,Dodge,Hornet,2024,46490,"4 gasoline direct injection, DOHC, Multiair variable valv",4,Gasoline,21,6-Speed Automatic,R/T Plus EAWD,SUV,4,Q Ball,Black,All-wheel Drive
631,2024 Hyundai Elantra HEV Blue,Hyundai,Elantra HEV,2024,27080,".6L I-4 gasoline direct injection, DOHC, D-CVVT variable",4,Hybrid,14,Automatic,Blue,Sedan,4,Serenity White,Medium Gray,Front-wheel Drive
632,2024 Dodge Hornet GT Plus,Dodge,Hornet,2024,42436,16V GDI DOHC Turbo,4,Gasoline,18,9-Speed Automatic,GT Plus,SUV,4,Gray,Black,All-wheel Drive
633,2024 Jeep Wagoneer Series II,Jeep,Wagoneer,2024,72908,24V GDI DOHC Twin Turbo,6,Gasoline,,8-Speed Automatic,Series II,SUV,4,Diamond Black,Black,Four-wheel Drive
634,2024 Mercedes-Benz EQS 450 Base 4MATIC,Mercedes-Benz,EQS 450,2024,109545,c,,Electric,10,1-Speed Automatic,Base 4MATIC,SUV,4,Black,Black,All-wheel Drive
635,2024 RAM 2500 Longhorn,RAM,2500,2024,83374,oled Turbo Diesel I-6 6.7 L/408,6,Diesel,5,Automatic,Longhorn,Pickup Truck,4,Diamond Black Crystal Pearlcoat,Lt Mountain Brown/Brown,Four-wheel Drive
636,2023 Dodge Durango Pursuit,Dodge,Durango,2023,47280,16V MPFI OHV,8,Gasoline,22,8-Speed Automatic,Pursuit,SUV,4,White Knuckle Clearcoat,Black,All-wheel Drive
637,2024 Jeep Grand Cherokee L Laredo,Jeep,Grand Cherokee L,2024,39370,24V VVT,6,Gasoline,0,8-Speed Automatic,Laredo,SUV,4,Bright White Clearcoat,Black,Four-wheel Drive
638,2024 Jeep Compass Latitude,Jeep,Compass,2024,31721,16V GDI DOHC Turbo,4,Gasoline,0,8-Speed Automatic,Latitude,SUV,4,Bright White Clearcoat,Black,Four-wheel Drive
639,2024 Ford F-350 Lariat Super Duty,Ford,F-350,2024,77885,16V MPFI OHV,8,Gasoline,105,10-Speed Automatic,Lariat Super Duty,Pickup Truck,4,Black,Black Onyx,Four-wheel Drive
640,2024 Hyundai Santa Cruz 2.5T XRT,Hyundai,Santa Cruz,2024,36000,16V PDI DOHC Turbo,4,Gasoline,10,8-Speed Automatic with Auto-Shift,2.5T XRT,Pickup Truck,4,Atlas,Black,All-wheel Drive
641,2024 Chevrolet Silverado 1500 LT,Chevrolet,Silverado 1500,2024,50058,16V GDI OHV,8,Gasoline,2,Automatic,LT,Pickup Truck,4,Radiant Red,Jet Black,Four-wheel Drive
642,2024 Kia Forte LXS,Kia,Forte,2024,21070,16V MPFI DOHC,4,Gasoline,,Automatic CVT,LXS,Sedan,4,Steel Gray,Black,Front-wheel Drive
643,2024 RAM 3500 Tradesman,RAM,3500,2024,63223,24V DDI OHV Turbo Diesel,6,Diesel,13,Automatic,Tradesman,Pickup Truck,4,Bright White Clearcoat,Black,Four-wheel Drive
644,2024 Hyundai IONIQ 5 SEL,Hyundai,IONIQ 5,2024,49795,c,,Electric,4,1-Speed Automatic,SEL,SUV,4,Atlas,Gray,Rear-wheel Drive
645,2024 Jeep Grand Cherokee Limited,Jeep,Grand Cherokee,2024,44759,24V MPFI DOHC,6,Gasoline,6,8-Speed Automatic,Limited,SUV,4,Bright White Clearcoat,Global Black,Four-wheel Drive
646,2024 Volkswagen Taos 1.5T SE,Volkswagen,Taos,2024,30383,16V GDI DOHC Turbo,4,Gasoline,13,8-Speed Automatic,1.5T SE,SUV,4,Pure Gray W/Black Roof,Black,Front-wheel Drive
647,2024 Acura MDX Base,Acura,MDX,2024,52350,24V GDI SOHC,6,Gasoline,16,10-Speed Automatic,Base,SUV,4,Silver,,All-wheel Drive
648,2024 Mercedes-Benz EQS 450 Base 4MATIC,Mercedes-Benz,EQS 450,2024,,c,,Electric,4,Automatic,Base 4MATIC,Sedan,4,Polar White,Macchiato Beige,All-wheel Drive
649,2024 Jeep Compass Latitude,Jeep,Compass,2024,34730,16V GDI DOHC Turbo,4,Gasoline,0,8-Speed Automatic,Latitude,SUV,4,Metallic,Black,Four-wheel Drive
650,2024 Jeep Grand Cherokee Laredo,Jeep,Grand Cherokee,2024,40344,OHV,6,Gasoline,6,8-Speed Automatic,Laredo,SUV,4,Bright White Clearcoat,Black,Four-wheel Drive
651,2024 GMC Yukon XL Denali,GMC,Yukon XL,2024,96410,"6.2L V-8 gasoline direct injection, variable valve contr",8,Gasoline,0,Automatic,Denali,SUV,4,Summit White,Teak/Light Shale,Four-wheel Drive
652,2023 Kia Sorento EX,Kia,Sorento,2023,44876,"4 port/direct injection, DOHC, variable valve control, in",4,Gasoline,16,Automatic,EX,SUV,4,Ebony Black,Black,All-wheel Drive
653,2024 Jeep Gladiator Sport,Jeep,Gladiator,2024,54620,24V MPFI DOHC,6,Gasoline,5,Automatic,Sport,Pickup Truck,4,Granite Crystal Clearcoat Metallic,Black,Four-wheel Drive
654,2024 RAM 3500 Big Horn,RAM,3500,2024,69697,24V DDI OHV Turbo Diesel,6,Diesel,2,Automatic,Big Horn,Pickup Truck,4,White,Black / Diesel Gray,Four-wheel Drive
655,2024 Volkswagen Taos 1.5T S,Volkswagen,Taos,2024,25895,16V GDI DOHC Turbo,4,Gasoline,,7-Speed DSGA? Automatic w/ 4MO,1.5T S,SUV,4,Deep Black Pearl Effect,Black,All-wheel Drive
656,2024 Jeep Grand Cherokee 4xe Trailhawk,Jeep,Grand Cherokee 4xe,2024,58909,"gasoline direct injection, DOHC, intercooled turbo, premi",4,Gasoline,34,Automatic,Trailhawk,SUV,4,Silver Zynith,Global Black,Four-wheel Drive
657,2024 Volkswagen ID.4 Standard,Volkswagen,ID.4,2024,41693,"dd>

    
    <dt>VIN</dt>
     1V2BMPE85RC003636",,Electric,0,62 kWh battery,Standard,SUV,4,Deep Black Pearl Effect,Nutmeg,Rear-wheel Drive
658,2024 Jeep Grand Cherokee 4xe Base,Jeep,Grand Cherokee 4xe,2024,63440,16V GDI DOHC Turbo Hybrid,4,Hybrid,5,8-Speed Automatic,Base,SUV,4,Silver Zynith,Global Black,Four-wheel Drive
659,2024 INFINITI QX50 LUXE,INFINITI,QX50,2024,45055,"o 2L I-4 port/direct injection, DOHC, variable valve cont",4,Gasoline,25,Variable,LUXE,SUV,4,Black Obsidian,Pebble Gray,Front-wheel Drive
660,2024 Jeep Wrangler 4xe Sport,Jeep,Wrangler 4xe,2024,50755,16V GDI DOHC Turbo Hybrid,4,Hybrid,,8-Speed Automatic,Sport,SUV,4,Bright White Clearcoat,Black,Four-wheel Drive
661,2024 Nissan Kicks SR,Nissan,Kicks,2024,24430,16V MPFI DOHC,4,Gasoline,12,Automatic CVT,SR,SUV,4,Electric Blue Metallic,Charcoal,Front-wheel Drive
662,2024 Jeep Wagoneer L Base,Jeep,Wagoneer L,2024,74366,24V GDI DOHC Twin Turbo,6,Gasoline,4,8-Speed Automatic,Base,SUV,4,Diamond Black,Global Black,Four-wheel Drive
663,2024 Jeep Wagoneer L Series II,Jeep,Wagoneer L,2024,81160,24V GDI DOHC Twin Turbo,6,Gasoline,4,8-Speed Automatic,Series II,SUV,4,Silver Zynith,Global Black,Four-wheel Drive
664,2024 Ford Mustang Mach-E Premium,Ford,Mustang Mach-E,2024,51785,c,,Electric,12,1-Speed Automatic,Premium,SUV,4,Star White,Black,All-wheel Drive
665,2024 Jeep Compass Trailhawk,Jeep,Compass,2024,38000,"gasoline direct injection, DOHC, variable valve control,",4,Gasoline,10,Automatic,Trailhawk,SUV,4,Bright White Clearcoat,Ruby Red/Black,Four-wheel Drive
666,2024 Jeep Wagoneer Base,Jeep,Wagoneer,2024,63862,24V GDI DOHC Twin Turbo,6,Gasoline,5,8-Speed Automatic,Base,SUV,4,Bright White Clearcoat,Black,Rear-wheel Drive
667,2024 Volkswagen Jetta 1.4T SEL,Volkswagen,Jetta,2024,29895,"4 gasoline direct injection, DOHC, variable valve control",4,Gasoline,10,8-Speed Automatic with Tiptronic,1.4T SEL,Sedan,4,Deep Black Pearl,Titan Black,Front-wheel Drive
668,2024 Mazda CX-90 PHEV Base,Mazda,CX-90 PHEV,2024,60080,"TIV-G 2.5L I-4 gasoline direct injection, DOHC, variable",4,Gasoline,5,8-Speed Automatic,Base,SUV,4,Deep Crystal Blue Mica,Black,All-wheel Drive
669,2024 Jeep Grand Cherokee Laredo,Jeep,Grand Cherokee,2024,47030,OHV,6,Gasoline,5,8-Speed Automatic,Laredo,SUV,4,Silver Zynith,Global Black,Four-wheel Drive
670,2024 Hyundai Tucson Hybrid Blue,Hyundai,Tucson Hybrid,2024,34600,16V GDI DOHC Turbo Hybrid,4,Hybrid,5,6-Speed Automatic,Blue,SUV,4,White Pearl,Gray,All-wheel Drive
671,2024 Jeep Compass Limited,Jeep,Compass,2024,38736,DOHC,4,Gasoline,12,8-Speed Automatic,Limited,SUV,4,Laser Blue Pearlcoat,Black,Four-wheel Drive
672,2023 RAM 3500 Tradesman,RAM,3500,2023,63010,16V MPFI OHV,8,Gasoline,95,8-Speed Automatic,Tradesman,Pickup Truck,2,Bright White Clearcoat,Black,Four-wheel Drive
673,2024 Nissan Murano Platinum,Nissan,Murano,2024,46000,24V MPFI DOHC,6,Gasoline,3838,Automatic CVT,Platinum,SUV,4,White,Gray,All-wheel Drive
674,2024 Chrysler Pacifica Hybrid Select,Chrysler,Pacifica Hybrid,2024,60600,24V MPFI DOHC Hybrid,6,Hybrid,10,Automatic CVT,Select,Passenger Van,4,Bright White Clearcoat,Black,Front-wheel Drive
675,2024 Dodge Hornet GT,Dodge,Hornet,2024,30900,16V GDI DOHC Turbo,4,Gasoline,,9-Speed Automatic,GT,SUV,4,8 BALL,Black,All-wheel Drive
676,2024 Nissan Kicks SV,Nissan,Kicks,2024,24979,"4 DOHC, CVTCS variable valve control, regular unleaded, e",4,Gasoline,5,CVT with Xtronic,SV,SUV,4,Scarlet Ember Tintcoat/Super Black,Charcoal,Front-wheel Drive
677,2024 Hyundai Tucson Hybrid SEL Convenience,Hyundai,Tucson Hybrid,2024,37309,16V GDI DOHC Turbo Hybrid,4,Hybrid,5,6-Speed Automatic,SEL Convenience,SUV,4,Amazon Gray,Black,All-wheel Drive
678,2023 Jeep Grand Wagoneer Series II,Jeep,Grand Wagoneer,2023,110150,24V GDI DOHC Twin Turbo,6,Gasoline,650,8-Speed Automatic,Series II,SUV,4,Midnight Sky,Global Black,Four-wheel Drive
679,2024 GMC Savana 2500 Work Van,GMC,Savana 2500,2024,42990,12V GDI OHV,6,Gasoline,0,8-Speed Automatic,Work Van,Cargo Van,3,Summit White,Medium Pewter,Rear-wheel Drive
680,2024 Dodge Hornet GT,Dodge,Hornet,2024,36195,16V GDI DOHC Turbo,4,Gasoline,5,9-Speed Automatic,GT,SUV,4,Blue Steel,Black,All-wheel Drive
681,2024 Dodge Hornet GT,Dodge,Hornet,2024,34990,16V GDI DOHC Turbo,4,Gasoline,10,9-Speed Automatic,GT,SUV,4,Q BALL,Black,All-wheel Drive
682,2024 Jeep Wrangler 4xe Rubicon,Jeep,Wrangler 4xe,2024,66960,16V GDI DOHC Turbo Hybrid,4,Hybrid,5,8-Speed Automatic,Rubicon,SUV,4,Black Clearcoat,Black,Four-wheel Drive
683,2023 Dodge Durango Pursuit,Dodge,Durango,2023,47340,16V MPFI OHV,8,Gasoline,33,8-Speed Automatic,Pursuit,SUV,4,White Knuckle Clearcoat,Black,All-wheel Drive
684,2024 Jeep Compass Latitude,Jeep,Compass,2024,31200,16V GDI DOHC Turbo,4,Gasoline,11,8-Speed Automatic,Latitude,SUV,4,Silver Zynith,Black,Four-wheel Drive
685,2024 Ford Edge SE,Ford,Edge,2024,,16V GDI DOHC Turbo,4,Gasoline,823,8-Speed Automatic,SE,SUV,4,Oxford White,Ebony,All-wheel Drive
686,2024 Jeep Grand Cherokee Limited,Jeep,Grand Cherokee,2024,49842,24V MPFI DOHC,6,Gasoline,,8-Speed Automatic,Limited,SUV,4,Bright White Clearcoat,Beige / Black,Four-wheel Drive
687,2024 GMC Sierra 3500 SLT,GMC,Sierra 3500,2024,87075,der,8,Diesel (B20 capable),9,10-Speed Shiftable Automatic,SLT,Pickup Truck,4,Sterling Metallic,Dark Walnut / Slate,Four-wheel Drive
688,2024 Ford Expedition Platinum,Ford,Expedition,2024,88135,24V PDI DOHC Twin Turbo,6,Gasoline,6,10-Speed Automatic,Platinum,SUV,4,Black,Black Onyx,Four-wheel Drive
689,2024 Dodge Hornet GT AWD,Dodge,Hornet,2024,35585,"ne 2L I-4 gasoline direct injection, DOHC, variable valve",4,Gasoline,0,Automatic,GT AWD,SUV,4,Blue Steele,Black,All-wheel Drive
690,2024 Jeep Grand Cherokee 4xe Overland,Jeep,Grand Cherokee 4xe,2024,78655,16V GDI DOHC Turbo Hybrid,4,Hybrid,,8-Speed Automatic,Overland,SUV,4,Midnight Sky,Global Black,Four-wheel Drive
691,2024 Kia Sportage X-Line,Kia,Sportage,2024,33573,16V PDI DOHC,4,Gasoline,10,8-Speed Automatic,X-Line,SUV,4,Gravity Gray,Black,All-wheel Drive
692,2024 Ford Edge ST-Line,Ford,Edge,2024,,16V GDI DOHC Turbo,4,Gasoline,697,8-Speed Automatic,ST-Line,SUV,4,Star White,Ebony,All-wheel Drive
693,2024 Honda Passport TrailSport,Honda,Passport,2024,44850,24V GDI SOHC,6,Gasoline,3,9-Speed Automatic,TrailSport,SUV,4,Sky,Black,All-wheel Drive
694,2024 Dodge Hornet R/T Plus,Dodge,Hornet,2024,44600,16V GDI DOHC Turbo Hybrid,4,Hybrid,5,6-Speed Automatic,R/T Plus,SUV,4,Blue,Black,All-wheel Drive
695,2023 Dodge Durango Pursuit,Dodge,Durango,2023,46835,16V MPFI OHV,8,Gasoline,30,8-Speed Automatic,Pursuit,SUV,4,White Knuckle Clearcoat,Black,All-wheel Drive
696,2024 Dodge Hornet Hornet R/T Plus Eawd,Dodge,Hornet,2024,49895,"4 gasoline direct injection, DOHC, Multiair variable valv",4,Gasoline,0,6-Spd Aisin F21-250 PHEV Auto Trans,Hornet R/T Plus Eawd,SUV,4,Gray Cray,Black,All-wheel Drive
697,2023 Dodge Durango Pursuit,Dodge,Durango,2023,46835,16V MPFI OHV,8,Gasoline,21,8-Speed Automatic,Pursuit,SUV,4,DB Black Crystal Clearcoat,Black,All-wheel Drive
698,2024 Ford Escape ST-Line,Ford,Escape,2024,34572,12V PDI DOHC Turbo,3,Gasoline,10,8-Speed Automatic,ST-Line,SUV,4,Star White,Ebony,All-wheel Drive
699,2024 BMW i4 Gran Coupe M50,BMW,i4 Gran Coupe,2024,73670,c,,Electric,5,1-Speed Automatic,M50,Hatchback,4,White,Tacora Red,All-wheel Drive
700,2024 Dodge Durango Pursuit,Dodge,Durango,2024,,24V MPFI DOHC,6,Gasoline,21,8-Speed Automatic,Pursuit,SUV,4,DB Black Crystal Clearcoat,Black,All-wheel Drive
701,2025 Chevrolet Trax ACTIV,Chevrolet,Trax,2025,26190,der,6,Gasoline,1,Automatic,ACTIV,SUV,,Summit White,Black,Front-wheel Drive
702,2024 Jeep Compass Limited,Jeep,Compass,2024,38500,16V GDI DOHC Turbo,4,Gasoline,8,8-Speed Automatic,Limited,SUV,4,Bright White,,Four-wheel Drive
703,2024 Jeep Grand Cherokee L Limited,Jeep,Grand Cherokee L,2024,49735,24V VVT,6,Gasoline,0,8-Speed Automatic,Limited,SUV,4,Bright White Clearcoat,Wicker Beige/Black,Four-wheel Drive
704,2024 Hyundai IONIQ 5 SEL,Hyundai,IONIQ 5,2024,45738,c,,Electric,5,1-Speed Automatic,SEL,SUV,4,Atlas,Gray,All-wheel Drive
705,2024 Ford Transit-150 Base,Ford,Transit-150,2024,52640,24V PDI DOHC Flexible Fuel,6,E85 Flex Fuel,6,10-Speed Automatic,Base,Cargo Van,3,Oxford White,Gray,Rear-wheel Drive
706,2024 Volkswagen Jetta 1.4T SE,Volkswagen,Jetta,2024,27554,"4 gasoline direct injection, DOHC, variable valve control",4,Gasoline,7,8-Speed Automatic with Tiptronic,1.4T SE,Sedan,4,Opal White Pearl,Titan Black,Front-wheel Drive
707,2024 RAM 3500 Laramie Crew Cab 4x4 8' Box,RAM,3500,2024,81036,"High Output 6.7L I-6 diesel direct injection, VVT interc",6,Diesel,0,Automatic,Laramie Crew Cab 4x4 8&#39; Box,Pickup Truck,4,White,Black,Four-wheel Drive
708,2024 Volkswagen Atlas Cross Sport 2.0T SEL,Volkswagen,Atlas Cross Sport,2024,51721,"gasoline direct injection, DOHC, variable valve control,",4,Gasoline,11,8-speed automatic,2.0T SEL,SUV,4,Silver Mist Metallic,,All-wheel Drive
709,2024 Genesis Electrified GV70 Advanced,Genesis,Electrified GV70,2024,60490,c,,Electric,11,1-Speed Automatic,Advanced,SUV,4,Vik Black,Black,All-wheel Drive
710,2024 RAM 3500 Tradesman,RAM,3500,2024,58930,24V DDI OHV Turbo Diesel,6,Diesel,13,6-Speed Automatic,Tradesman,Pickup Truck,4,Bright White Clearcoat,Black,Four-wheel Drive
711,2024 RAM 3500 Tradesman Crew Cab 4x4 8' Box,RAM,3500,2024,66334,"High Output 6.7L I-6 diesel direct injection, VVT interc",6,Diesel,6,Automatic,Tradesman Crew Cab 4x4 8&#39; Box,Pickup Truck,4,Bright White Clearcoat,Black Interior Color,Four-wheel Drive
712,2024 Nissan Kicks SV,Nissan,Kicks,2024,24600,"4 DOHC, CVTCS variable valve control, regular unleaded, e",4,Gasoline,15,CVT,SV,SUV,4,Aspen White Tricoat/Super Black,Charcoal,Front-wheel Drive
713,2024 Chevrolet Silverado 1500 LT,Chevrolet,Silverado 1500,2024,58720,24V DDI DOHC Turbo Diesel,6,Diesel,0,Automatic,LT,Pickup Truck,4,Sterling Gray Metallic,Jet Black,Four-wheel Drive
714,2024 Hyundai Sonata Hybrid SEL,Hyundai,Sonata Hybrid,2024,32520,16V GDI DOHC Hybrid,4,Hybrid,10,6-Speed Automatic,SEL,Sedan,4,Red,Gray,Front-wheel Drive
715,2024 Mazda CX-90 PHEV Premium,Mazda,CX-90 PHEV,2024,54449,DOHC 16V LEV3-SULEV30,4,PHEV Hybrid Fuel,10,Automatic,Premium,SUV,4,Sonic,Greige,All-wheel Drive
716,2024 Hyundai Tucson Hybrid Limited,Hyundai,Tucson Hybrid,2024,41391,16V GDI DOHC Turbo Hybrid,4,Hybrid,7,6-Speed Automatic,Limited,SUV,4,White Pearl,Gray,All-wheel Drive
717,2024 Chevrolet Equinox 1LT,Chevrolet,Equinox,2024,31301,16V GDI DOHC Turbo,4,Gasoline,2,6-Speed Automatic,1LT,SUV,4,Mosaic Black Metallic,Jet Black,All-wheel Drive
718,2024 Chevrolet Silverado 1500 Custom,Chevrolet,Silverado 1500,2024,42947,16V GDI DOHC Turbo,4,Gasoline,5,8-Speed Automatic,Custom,Pickup Truck,4,Red,Black,Rear-wheel Drive
719,2024 Hyundai Sonata Hybrid Limited,Hyundai,Sonata Hybrid,2024,38870,16V GDI DOHC Hybrid,4,Hybrid,5,6-Speed Automatic,Limited,Sedan,4,Carbon Blue,Black,Front-wheel Drive
720,2024 Jeep Compass Latitude,Jeep,Compass,2024,33255,16V GDI DOHC Turbo,4,Gasoline,10,8-Speed Automatic,Latitude,SUV,4,Granite Crystal Clearcoat Metallic,Black,Four-wheel Drive
721,2024 Kia EV6 GT,Kia,EV6,2024,49820,c,,Electric,13,Automatic,GT,SUV,4,Yacht Blue,Black,All-wheel Drive
722,2023 Dodge Durango Pursuit,Dodge,Durango,2023,47280,16V MPFI OHV,8,Gasoline,13,8-Speed Automatic,Pursuit,SUV,4,White Knuckle Clearcoat,Black,All-wheel Drive
723,2024 Dodge Hornet R/T Plus,Dodge,Hornet,2024,43613,16V GDI DOHC Turbo Hybrid,4,Hybrid,5,6-Speed Automatic,R/T Plus,SUV,4,Gray,Black,All-wheel Drive
724,2024 RAM 3500 Tradesman,RAM,3500,2024,65260,oled Turbo Diesel I-6 6.7 L/408,6,Diesel,15,Automatic,Tradesman,Pickup Truck,4,Granite Crystal Metallic Clearcoat,Black,Four-wheel Drive
725,2024 Subaru Outback Limited,Subaru,Outback,2024,39822,16V GDI DOHC,4,Gasoline,,Automatic CVT,Limited,SUV,4,Crystal White Pearl,Black,All-wheel Drive
726,2024 Volkswagen Taos 1.5T SEL,Volkswagen,Taos,2024,35683,"4 gasoline direct injection, DOHC, variable valve control",4,Gasoline,5,7-Speed DSG Automatic with Tiptronic,1.5T SEL,SUV,4,Blue,Brown/Blk,All-wheel Drive
727,2024 Jeep Wrangler 4xe Sahara,Jeep,Wrangler 4xe,2024,58840,16V GDI DOHC Turbo Hybrid,4,Hybrid,4,8-Speed Automatic,Sahara,SUV,4,Hydro Blue Pearlcoat,Black,Four-wheel Drive
728,2024 Hyundai Kona SEL,Hyundai,Kona,2024,32009,16V MPFI DOHC,4,Gasoline,1,Automatic CVT,SEL,SUV,4,Atlas,Black,All-wheel Drive
729,2024 Cadillac XT5 Luxury,Cadillac,XT5,2024,46890,16V GDI DOHC Turbo,4,Gasoline,10,9-Speed Automatic,Luxury,SUV,4,Crystal White Tri-Coat,Jet Black,Front-wheel Drive
730,2024 Jeep Grand Cherokee Limited,Jeep,Grand Cherokee,2024,47744,"ar 3.6L V-6 DOHC, variable valve control, regular unleade",6,Gasoline,12,Automatic,Limited,SUV,4,Baltic Gray Metallic Clearcoat,Global Black,Four-wheel Drive
731,2024 Jeep Compass Limited,Jeep,Compass,2024,,16V GDI DOHC Turbo,4,Gasoline,0,8-Speed Automatic,Limited,SUV,4,Metallic,,Four-wheel Drive
732,2024 Jeep Grand Cherokee L Limited,Jeep,Grand Cherokee L,2024,56015,"ar 3.6L V-6 DOHC, variable valve control, regular unleade",6,Gasoline,8,Automatic,Limited,SUV,4,Baltic Gray Metallic Clearcoat,Wicker Beige/Global Black,Four-wheel Drive
733,2024 Dodge Durango R/T,Dodge,Durango,2024,57486,16V MPFI OHV,8,Gasoline,10,8-Speed Automatic,R/T,SUV,4,Destroyer Gray Clearcoat,Black,All-wheel Drive
734,2024 Jeep Grand Cherokee 4xe Base,Jeep,Grand Cherokee 4xe,2024,49082,"gasoline direct injection, DOHC, intercooled turbo, premi",4,Gasoline,51,8-Speed Automatic,Base,SUV,4,Bright White Clearcoat,Wicker Beige/Black,Four-wheel Drive
735,2024 Jeep Grand Cherokee Laredo,Jeep,Grand Cherokee,2024,39714,"ar 3.6L V-6 DOHC, variable valve control, regular unleade",6,Gasoline,14,Automatic,Laredo,SUV,4,Bright White Clearcoat,Global Black,Four-wheel Drive
736,2024 Cadillac LYRIQ Sport w/1SJ,Cadillac,LYRIQ,2024,75090,c Motor,,Electric,9,Automatic,Sport w/1SJ,SUV,4,Celestial Metallic,Noir w/Santorini Blue Accents,Rear-wheel Drive
737,2024 Volkswagen Jetta 1.4T S,Volkswagen,Jetta,2024,23160,"4 gasoline direct injection, DOHC, variable valve control",4,Gasoline,7,8-Speed Automatic with Tiptronic,1.4T S,Sedan,4,Deep Black Pearl,Titan Black,Front-wheel Drive
738,2024 Dodge Hornet GT,Dodge,Hornet,2024,,16V GDI DOHC Turbo,4,Gasoline,11,9-Speed Automatic,GT,SUV,4,Gray,Black,All-wheel Drive
739,2024 Jeep Grand Cherokee Limited,Jeep,Grand Cherokee,2024,50184,24V MPFI DOHC,6,Gasoline,6,8-Speed Automatic,Limited,SUV,4,Bright White Clearcoat,Global Black,Four-wheel Drive
740,2024 Ford Mustang Mach-E Select,Ford,Mustang Mach-E,2024,49785,c,,Electric,5,1-Speed Automatic,Select,SUV,4,Glacier Gray,Black,All-wheel Drive
741,2024 Jeep Grand Cherokee 4xe Trailhawk,Jeep,Grand Cherokee 4xe,2024,54910,16V GDI DOHC Turbo Hybrid,4,Hybrid,10,8-Speed Automatic,Trailhawk,SUV,4,Bright White Clearcoat,Global Black,Four-wheel Drive
742,2024 Chevrolet Silverado 1500 Custom Trail Boss,Chevrolet,Silverado 1500,2024,47650,16V GDI OHV,8,Gasoline,5,10-Speed Automatic,Custom Trail Boss,Pickup Truck,4,Summit White,Black,Four-wheel Drive
743,2024 Hyundai Kona Limited,Hyundai,Kona,2024,32491,16V GDI DOHC Turbo,4,Gasoline,10,8-Speed Automatic,Limited,SUV,4,Abyss Black Pearl,Black,Front-wheel Drive
744,2024 Buick Envista Preferred,Buick,Envista,2024,27075,12V GDI DOHC Turbo,3,Gasoline,6,6-Speed Automatic,Preferred,SUV,4,Sunrise Red Metallic,Ebony,Front-wheel Drive
745,2024 GMC Terrain SLE,GMC,Terrain,2024,35870,"4 gasoline direct injection, DOHC, variable valve control",4,Gasoline,0,Automatic,SLE,SUV,4,Summit White,Jet Blk Premium Clth,All-wheel Drive
746,2025 Ford Explorer Platinum,Ford,Explorer,2025,53915,"<dt>VIN</dt>
     1FMUK7HH1SGA05728",4,Gasoline,8,10-Speed Automatic,Platinum,SUV,4,Star White Metallic Tri-Coat,Mojave Dusk/Onyx,Rear-wheel Drive
747,2024 Jeep Grand Cherokee Laredo,Jeep,Grand Cherokee,2024,,OHV,6,Gasoline,10,8-Speed Automatic,Laredo,SUV,4,Silver Zynith,Global Black,Four-wheel Drive
748,2024 Dodge Hornet GT AWD,Dodge,Hornet,2024,37430,"ne 2L I-4 gasoline direct injection, DOHC, variable valve",4,Gasoline,9,9-Speed A/T,GT AWD,SUV,4,Blu Bayou,Black,All-wheel Drive
749,2024 Ford F-150 STX,Ford,F-150,2024,45605,24V PDI DOHC Twin Turbo,6,Gasoline,8,Automatic,STX,Pickup Truck,4,Oxford White,Black,Four-wheel Drive
750,2024 Dodge Hornet R/T Plus,Dodge,Hornet,2024,49885,16V GDI DOHC Turbo Hybrid,4,Hybrid,2,6-Speed Automatic,R/T Plus,SUV,4,Gold,Black,All-wheel Drive
751,2024 Ford Escape ST-Line,Ford,Escape,2024,32138,12V PDI DOHC Turbo,3,Gasoline,10,8-Speed Automatic,ST-Line,SUV,4,Iconic Silver Metallic,Ebony,All-wheel Drive
752,2024 Chevrolet Silverado 1500 RST,Chevrolet,Silverado 1500,2024,88478,16V GDI OHV,8,Gasoline,2,Automatic,RST,Pickup Truck,4,Summit White,Jet Black,Four-wheel Drive
753,2024 Volkswagen Atlas Cross Sport 2.0T SEL R-Line,Volkswagen,Atlas Cross Sport,2024,48541,16V GDI DOHC Turbo,4,Gasoline,10,8-Speed Automatic,2.0T SEL R-Line,SUV,4,Silver Bird Metallic,Mauro Brown,All-wheel Drive
754,2024 Hyundai Tucson Hybrid Blue,Hyundai,Tucson Hybrid,2024,33695,16V GDI DOHC Turbo Hybrid,4,Hybrid,11,6-Speed Automatic,Blue,SUV,4,White Pearl,Black,All-wheel Drive
755,2024 Mazda CX-90 3.3 Turbo Premium Plus,Mazda,CX-90,2024,49900,24V GDI DOHC Turbo,6,Gasoline,0,8-Speed Automatic,3.3 Turbo Premium Plus,SUV,4,Machine Gray Metallic,Black,All-wheel Drive
756,2024 Jeep Grand Cherokee Altitude,Jeep,Grand Cherokee,2024,43585,"ar 3.6L V-6 DOHC, variable valve control, regular unleade",6,Gasoline,5,Automatic,Altitude,SUV,4,Baltic Gray Metallic Clearcoat,Global Black,Four-wheel Drive
757,2024 BMW M235 Gran Coupe i xDrive,BMW,M235 Gran Coupe,2024,54545,16V GDI DOHC Turbo,4,Gasoline,10,8-Speed Automatic,i xDrive,Sedan,4,Black Sapphire Metallic,Black,All-wheel Drive
758,2024 RAM 3500 Tradesman,RAM,3500,2024,65221,oled Turbo Diesel I-6 6.7 L/408,6,Diesel,344,Automatic,Tradesman,Pickup Truck,4,Bright White Clearcoat,Black,Four-wheel Drive
759,2024 Chevrolet Silverado 1500 LT Trail Boss,Chevrolet,Silverado 1500,2024,65416,"5.3L V-8 gasoline direct injection, variable valve contr",8,Gasoline,5,automatic w/paddle shifters,LT Trail Boss,Pickup Truck,4,Slate Gray Metallic,Jet Black,Four-wheel Drive
760,2024 Hyundai Tucson Hybrid SEL Convenience,Hyundai,Tucson Hybrid,2024,35404,16V GDI DOHC Turbo Hybrid,4,Hybrid,10,6-Speed Automatic,SEL Convenience,SUV,4,White,Black,All-wheel Drive
761,2023 Dodge Charger SXT,Dodge,Charger,2023,36083,24V MPFI DOHC,6,Gasoline,20,8-Speed Automatic,SXT,Sedan,4,White,Black,Rear-wheel Drive
762,2024 Hyundai Santa Cruz 2.5T XRT,Hyundai,Santa Cruz,2024,42015,16V PDI DOHC Turbo,4,Gasoline,1,8-Speed Automatic with Auto-Shift,2.5T XRT,Pickup Truck,4,Blue Stone,Black,All-wheel Drive
763,2024 BMW X7 xDrive40i,BMW,X7,2024,89450,24V GDI DOHC Turbo,6,Gasoline,10,8-Speed Automatic,xDrive40i,SUV,4,Black Sapphire Metallic,Cognac,All-wheel Drive
764,2024 Ford Explorer XLT,Ford,Explorer,2024,40940,16V GDI DOHC Turbo,4,Gasoline,7,10-Speed Automatic,XLT,SUV,4,Star White,Ebony,Rear-wheel Drive
765,2024 GMC Terrain Denali,GMC,Terrain,2024,44120,"4 gasoline direct injection, DOHC, variable valve control",4,Gasoline,0,Automatic,Denali,SUV,4,Ebony,Jet Blk,All-wheel Drive
766,2024 Kia Sportage X-Pro Prestige,Kia,Sportage,2024,39990,16V PDI DOHC,4,Gasoline,10,8-Speed Automatic,X-Pro Prestige,SUV,4,Glacial White Pearl,Black,All-wheel Drive
767,2024 Honda Prologue TOURING,Honda,Prologue,2024,55800,c,,,,1-Speed Automatic,TOURING,SUV,4,Pearl,Black,All-wheel Drive
768,2024 Hyundai Sonata Hybrid SEL,Hyundai,Sonata Hybrid,2024,33005,16V GDI DOHC Hybrid,4,Hybrid,13,6-Speed Automatic,SEL,Sedan,4,White,Black,Front-wheel Drive
769,2024 Jeep Grand Cherokee Laredo,Jeep,Grand Cherokee,2024,42425,OHV,6,Gasoline,5,8-Speed Automatic,Laredo,SUV,4,Silver Zynith,Black,Four-wheel Drive
770,2024 Chevrolet Equinox 1LT,Chevrolet,Equinox,2024,30188,"4 gasoline direct injection, DOHC, variable valve control",4,Gasoline,3,6-Speed Automatic Electronic with Overdrive,1LT,SUV,4,Sterling Gray Metallic,Medium Ash Gray,Front-wheel Drive
771,2024 Dodge Hornet GT Plus AWD,Dodge,Hornet,2024,38546,"ne 2L I-4 gasoline direct injection, DOHC, variable valve",4,Gasoline,73,9-Speed 948TE Automatic,GT Plus AWD,SUV,4,8 Ball,Black,All-wheel Drive
772,2024 Audi Q8 e-tron Premium,Audi,Q8 e-tron,2024,83630,c,,Electric,5,Automatic,Premium,SUV,4,Glacier White Metallic,Pearl Beige,All-wheel Drive
773,2024 Dodge Hornet R/T Plus,Dodge,Hornet,2024,51835,16V GDI DOHC Turbo Hybrid,4,Hybrid,33,6-Speed Automatic,R/T Plus,SUV,4,8 BALL,Black,All-wheel Drive
774,2024 RAM ProMaster 3500 High Roof,RAM,ProMaster 3500,2024,53099,24V MPFI DOHC,6,Gasoline,30,9-Speed Automatic,High Roof,Cargo Van,3,Bright White Clearcoat,Black,Front-wheel Drive
775,2023 Dodge Charger SXT,Dodge,Charger,2023,37490,24V MPFI DOHC,6,Gasoline,20,8-Speed Automatic,SXT,Sedan,4,Green,Black,Rear-wheel Drive
776,2024 Honda CR-V Hybrid Sport-L,Honda,CR-V,2024,38855,"gasoline direct injection, DOHC, i-VTEC variable valve co",4,Hybrid,6,Automatic,Hybrid Sport-L,SUV,4,Still Night Pearl,Black,Front-wheel Drive
777,2024 Jeep Grand Cherokee Altitude,Jeep,Grand Cherokee,2024,44022,"ar 3.6L V-6 DOHC, variable valve control, regular unleade",6,Gasoline,12,Automatic,Altitude,SUV,4,Baltic Gray Metallic Clearcoat,Global Black,Four-wheel Drive
778,2024 Hyundai IONIQ 5 SE,Hyundai,IONIQ 5,2024,42466,c,,Electric,7,1-Speed Automatic,SE,SUV,4,Atlas,Black,All-wheel Drive
779,2024 Jeep Grand Cherokee 4xe Base,Jeep,Grand Cherokee 4xe,2024,56119,16V GDI DOHC Turbo Hybrid,4,Hybrid,10,8-Speed Automatic,Base,SUV,4,Midnight Sky,Global Black,Four-wheel Drive
780,2024 Mazda CX-90 PHEV Premium,Mazda,CX-90 PHEV,2024,54949,DOHC 16V LEV3-SULEV30,4,PHEV Hybrid Fuel,3,Automatic,Premium,SUV,4,Machine,Black,All-wheel Drive
781,2024 Audi A5 Sportback S line Premium Plus,Audi,A5 Sportback,2024,56105,16V GDI DOHC Turbo,4,Gasoline,12,7-Speed Automatic with Auto-Shift,S line Premium Plus,Hatchback,4,Navarra Blue Metallic,Black,All-wheel Drive
782,2024 BMW i5 M60,BMW,i5,2024,91825,c,,Electric,7,1-Speed Automatic,M60,Sedan,4,Mineral White,Black,All-wheel Drive
783,2024 Dodge Hornet GT,Dodge,Hornet,2024,36810,16V GDI DOHC Turbo,4,Gasoline,15,9-Speed Automatic,GT,SUV,4,Gray,Black,All-wheel Drive
784,2024 RAM 3500 Laramie,RAM,3500,2024,72294,24V DDI OHV Turbo Diesel,6,Diesel,33,Automatic,Laramie,Pickup Truck,4,Diamond Black,Black,Four-wheel Drive
785,2023 Ford F-150 XLT,Ford,F-150,2023,52495,EcoBoost,6,Gasoline,26,10-Speed Automatic,XLT,Pickup Truck,4,Oxford White,Black,Four-wheel Drive
786,2023 Dodge Charger SXT,Dodge,Charger,2023,35913,24V MPFI DOHC,6,Gasoline,15,8-Speed Automatic,SXT,Sedan,4,Blue,Black,Rear-wheel Drive
787,2024 Chevrolet Silverado 1500 LT,Chevrolet,Silverado 1500,2024,49496,16V GDI OHV,8,Gasoline,2,Automatic,LT,Pickup Truck,4,Summit White,Jet Black,Four-wheel Drive
788,2024 Cadillac XT5 Luxury,Cadillac,XT5,2024,47290,"gasoline direct injection, DOHC, variable valve control,",4,Gasoline,3,Automatic,Luxury,SUV,4,Argent Silver Metallic,Jet Black,All-wheel Drive
789,2024 Honda HR-V LX,Honda,HR-V,2024,27450,"gasoline direct injection, DOHC, i-VTEC variable valve co",4,Gasoline,10,Automatic,LX,SUV,4,Deep Ocean Pearl,Nh-731p/Black,All-wheel Drive
790,2024 Dodge Hornet R/T Plus,Dodge,Hornet,2024,49885,16V GDI DOHC Turbo Hybrid,4,Hybrid,,6-Speed Automatic,R/T Plus,SUV,4,Blue Steel,Black,All-wheel Drive
791,2024 Chrysler Pacifica Touring-L,Chrysler,Pacifica,2024,54403,24V MPFI DOHC,6,Gasoline,14,9-Speed Automatic,Touring-L,Passenger Van,4,Diamond Black,Black,All-wheel Drive
792,2024 Nissan Versa 1.6 SV,Nissan,Versa,2024,21195,"4 DOHC, variable valve control, regular unleaded, engine",4,Gasoline,0,CVT,1.6 SV,Sedan,4,Aspen White Tricoat,Graphite,Front-wheel Drive
793,2024 GMC Sierra 2500 Denali Ultimate,GMC,Sierra 2500,2024,96860,32V DDI OHV Turbo Diesel,8,Diesel,0,10-Speed Automatic,Denali Ultimate,Pickup Truck,4,White Frost Tri-Coat,Alpine Umber,Four-wheel Drive
794,2024 Nissan Rogue SV,Nissan,Rogue,2024,36405,"o 1.5L I-3 gasoline direct injection, DOHC, CVTCS variabl",3,Gasoline,5,Automatic,SV,SUV,4,Deep Ocean Blue Pearl,Charcoal,All-wheel Drive
795,2023 Genesis Electrified G80 Base,Genesis,Electrified G80,2023,81525,c,,Electric,153,1-Speed Automatic,Base,Sedan,4,Uyuni White,Black,All-wheel Drive
796,2024 Volkswagen Taos 1.5T SE,Volkswagen,Taos,2024,28994,16V GDI DOHC Turbo,4,Gasoline,6,7-Speed DSGA? Automatic w/ 4MO,1.5T SE,SUV,4,Platinum Gray Metallic,Black,All-wheel Drive
797,2024 Jeep Grand Cherokee Laredo,Jeep,Grand Cherokee,2024,50170,OHV,6,Gasoline,1,8-Speed Automatic,Laredo,SUV,4,Metallic,Global Black,Four-wheel Drive
798,2024 RAM ProMaster 2500 High Roof,RAM,ProMaster 2500,2024,53890,24V MPFI DOHC,6,Gasoline,3,9-Speed Automatic,High Roof,Cargo Van,3,Bright White Clearcoat,Black,Front-wheel Drive
799,2024 Kia EV6 Wind,Kia,EV6,2024,41991,c,,Electric,13,Automatic,Wind,SUV,4,Aurora Black Pearl,Black,All-wheel Drive
800,2024 Ford Edge Titanium,Ford,Edge,2024,44710,16V GDI DOHC Turbo,4,Gasoline,48,8-Speed Automatic,Titanium,SUV,4,Rapid Red Metallic Tinted Clearcoat,Medium Soft Ceramic,All-wheel Drive
801,2024 Jeep Wrangler 4xe Rubicon,Jeep,Wrangler 4xe,2024,66960,16V GDI DOHC Turbo Hybrid,4,Hybrid,5,8-Speed Automatic,Rubicon,SUV,4,Earl Clearcoat,Black,Four-wheel Drive
802,2024 Mercedes-Benz EQS 450 Base 4MATIC,Mercedes-Benz,EQS 450,2024,117985,c,,Electric,1,Automatic,Base 4MATIC,Sedan,4,Obsidian Black Metallic,Black,All-wheel Drive
